Workbook
Name SegmentaciónDeDatos_COD: #N/A
Name SegmentaciónDeDatos_ESTADO: #N/A

Sheet  Elementos Refuellers
A1: FECHA | D1: =TODAY() -> 46017 | E1: ALERTA DE VIGILANCIA 120 DIAS O NENOS
A3: REFUELLERS
A4: DATOS VEHICULOS | K4: FILTRACION | Q4: ESTADO
A5: # | B5: SUP | C5: COD | D5: MARCA | E5: REF | F5: MOVIL | G5: PLACA | H5: MOD | I5: CAP | J5: PRODUCTO | K5: FILTRACION | L5: MARCA | M5: CANT | N5: 1º ETAPA | O5: CANT | P5: 2º ETAPA | Q5: PROXIMO CAMBIO | R5: DIAS DE VIGILANCIA | S5: ESTADO | T5: CONDICION | U5: V 1° | V5: V 2°
A6: 1 | B6: HC | C6: GAA | D6: CHEVROLET | E6: NKR | F6: MOV 050 | G6: SLJ-437 | H6: 2008 | I6: 1360 | J6: AV Gas | K6: Monitor | L6: Facet | M6: 2 | N6: ACO 51201R | O6: 0 | P6: N/A | Q6: 46096 | R6: =REFUELLERS[[#This Row],[PROXIMO CAMBIO]]-$D$1 -> 79 | S6: =IF($D$1<=REFUELLERS[[#This Row],[PROXIMO CAMBIO]],"VIGENTE","VENCIDO") -> VIGENTE | T6: SATURADOS | U6: =IFERROR(LOOKUP("SATURADOS",REFUELLERS[[#This Row],[CONDICION]],REFUELLERS[[#This Row],[CANT]]),0) -> 2 | V6: =IFERROR(LOOKUP("SATURADOS",REFUELLERS[[#This Row],[CONDICION]],REFUELLERS[[#This Row],[CANT ]]),0) -> 0
A7: =A6+1 -> 2 | B7: ORA | C7: PEI | D7: CHEVROLET | E7: KODIAK | F7: MOV 051 | G7: UFQ-586 | H7: 1998 | I7: 4100 | J7: JET A-1 | K7: Separador | L7: Facet | M7: 3 | N7: CAA33-5SB | O7: 1 | P7: SS436FB-5 | Q7: 46600 | R7: =REFUELLERS[[#This Row],[PROXIMO CAMBIO]]-$D$1 -> 583 | S7: =IF($D$1<=REFUELLERS[[#This Row],[PROXIMO CAMBIO]],"VIGENTE","VENCIDO") -> VIGENTE | U7: =IFERROR(LOOKUP("SATURADOS",REFUELLERS[[#This Row],[CONDICION]],REFUELLERS[[#This Row],[CANT]]),0) -> 0 | V7: =IFERROR(LOOKUP("SATURADOS",REFUELLERS[[#This Row],[CONDICION]],REFUELLERS[[#This Row],[CANT ]]),0) -> 0
A8: =A7+1 -> 3 | B8: OEO | C8: MED | D8: CHEVROLET | E8: KODIAK | F8: MOV 053 | G8: UFT-131 | H8: 2003 | I8: 5100 | J8: JET A-1 | K8: Separador | L8: Velcon | M8: 2 | N8: I-633C5TB | O8: 1 | P8: SO-436V | Q8: 46872 | R8: =REFUELLERS[[#This Row],[PROXIMO CAMBIO]]-$D$1 -> 855 | S8: =IF($D$1<=REFUELLERS[[#This Row],[PROXIMO CAMBIO]],"VIGENTE","VENCIDO") -> VIGENTE | U8: =IFERROR(LOOKUP("SATURADOS",REFUELLERS[[#This Row],[CONDICION]],REFUELLERS[[#This Row],[CANT]]),0) -> 0 | V8: =IFERROR(LOOKUP("SATURADOS",REFUELLERS[[#This Row],[CONDICION]],REFUELLERS[[#This Row],[CANT ]]),0) -> 0
A9: =A8+1 -> 4 | B9: GN | C9: BAQ | D9: CHEVROLET | E9: KODIAK | F9: MOV 056 | G9: VEG-911 | H9: 2006 | I9: 3500 | J9: JET A-1 | K9: Separador | L9: Facet | M9: 3 | N9: CAA33-5SB | O9: 1 | P9: SS436FB-5 | Q9: 44368 | R9: =REFUELLERS[[#This Row],[PROXIMO CAMBIO]]-$D$1 -> -1649 | S9: =IF($D$1<=REFUELLERS[[#This Row],[PROXIMO CAMBIO]],"VIGENTE","VENCIDO") -> VENCIDO | T9: SATURADOS | U9: =IFERROR(LOOKUP("SATURADOS",REFUELLERS[[#This Row],[CONDICION]],REFUELLERS[[#This Row],[CANT]]),0) -> 3 | V9: =IFERROR(LOOKUP("SATURADOS",REFUELLERS[[#This Row],[CONDICION]],REFUELLERS[[#This Row],[CANT ]]),0) -> 1
A10: =A9+1 -> 5 | B10: ORA | C10: PEI | D10: KW DART | E10: 80FTDR | F10: MOV 057 | G10: T-6743 | H10: 1970 | I10: 8000 | J10: JET A-1 | K10: Monitor | L10: Facet | M10: 27 | N10: FG-230-7 | O10: 0 | P10: N/A | Q10: 42176 | R10: =REFUELLERS[[#This Row],[PROXIMO CAMBIO]]-$D$1 -> -3841 | S10: =IF($D$1<=REFUELLERS[[#This Row],[PROXIMO CAMBIO]],"VIGENTE","VENCIDO") -> VENCIDO | T10: SATURADOS | U10: =IFERROR(LOOKUP("SATURADOS",REFUELLERS[[#This Row],[CONDICION]],REFUELLERS[[#This Row],[CANT]]),0) -> 27 | V10: =IFERROR(LOOKUP("SATURADOS",REFUELLERS[[#This Row],[CONDICION]],REFUELLERS[[#This Row],[CANT ]]),0) -> 0
A11: =A10+1 -> 6 | B11: OEO | C11: MED | D11: INTERNATIONAL | E11: S 1900 | F11: MOV 059 | G11: GFP-522 | H11: 1989 | I11: 5000 | J11: JET A-1 | K11: Separador | L11: Velcon | M11: 3 | N11: I-63383TB | O11: 1 | P11: SO-436V | Q11: 46925 | R11: =REFUELLERS[[#This Row],[PROXIMO CAMBIO]]-$D$1 -> 908 | S11: =IF($D$1<=REFUELLERS[[#This Row],[PROXIMO CAMBIO]],"VIGENTE","VENCIDO") -> VIGENTE | U11: =IFERROR(LOOKUP("SATURADOS",REFUELLERS[[#This Row],[CONDICION]],REFUELLERS[[#This Row],[CANT]]),0) -> 0 | V11: =IFERROR(LOOKUP("SATURADOS",REFUELLERS[[#This Row],[CONDICION]],REFUELLERS[[#This Row],[CANT ]]),0) -> 0
A12: =A11+1 -> 7 | B12: ORA | C12: AXM | D12: CHEVROLET | E12: KODIAK | F12: MOV 062 | G12: LAM-566 | H12: 1996 | I12: 3850 | J12: JET A-1 | K12: Separador | L12: Facet | M12: 2 | N12: CAA28-5SB | O12: 1 | P12: SS630FE-5 | Q12: 44368 | R12: =REFUELLERS[[#This Row],[PROXIMO CAMBIO]]-$D$1 -> -1649 | S12: =IF($D$1<=REFUELLERS[[#This Row],[PROXIMO CAMBIO]],"VIGENTE","VENCIDO") -> VENCIDO | T12: SATURADOS | U12: =IFERROR(LOOKUP("SATURADOS",REFUELLERS[[#This Row],[CONDICION]],REFUELLERS[[#This Row],[CANT]]),0) -> 2 | V12: =IFERROR(LOOKUP("SATURADOS",REFUELLERS[[#This Row],[CONDICION]],REFUELLERS[[#This Row],[CANT ]]),0) -> 1
A13: =A12+1 -> 8 | B13: ORA | C13: IBE | D13: CHEVROLET | E13: NPR | F13: MOV 064 | G13: FTR-598 | H13: 2006 | I13: 2265 | J13: JET A-1 | K13: Separador | L13: Facet | M13: 2 | N13: CAA22-5SB | O13: 1 | P13: SS622FF-5 | Q13: 46559 | R13: =REFUELLERS[[#This Row],[PROXIMO CAMBIO]]-$D$1 -> 542 | S13: =IF($D$1<=REFUELLERS[[#This Row],[PROXIMO CAMBIO]],"VIGENTE","VENCIDO") -> VIGENTE | U13: =IFERROR(LOOKUP("SATURADOS",REFUELLERS[[#This Row],[CONDICION]],REFUELLERS[[#This Row],[CANT]]),0) -> 0 | V13: =IFERROR(LOOKUP("SATURADOS",REFUELLERS[[#This Row],[CONDICION]],REFUELLERS[[#This Row],[CANT ]]),0) -> 0
A14: =A13+1 -> 9 | B14: OJR | C14: CLO | D14: INTERNATIONAL | E14: 4900 | F14: MOV 065 | G14: VKK-836 | H14: 1990 | I14: 5120 | J14: JET A-1 | K14: Separador | L14: Facet | M14: 3 | N14: CAA33-5SB | O14: 1 | P14: SS436FB-5 | Q14: 46783 | R14: =REFUELLERS[[#This Row],[PROXIMO CAMBIO]]-$D$1 -> 766 | S14: =IF($D$1<=REFUELLERS[[#This Row],[PROXIMO CAMBIO]],"VIGENTE","VENCIDO") -> VIGENTE | U14: =IFERROR(LOOKUP("SATURADOS",REFUELLERS[[#This Row],[CONDICION]],REFUELLERS[[#This Row],[CANT]]),0) -> 0 | V14: =IFERROR(LOOKUP("SATURADOS",REFUELLERS[[#This Row],[CONDICION]],REFUELLERS[[#This Row],[CANT ]]),0) -> 0
A15: =A14+1 -> 10 | B15: OEO | C15: MED | D15: INTERNATIONAL | E15: 4900 | F15: MOV 067 | G15: WOW-069 | H15: 2000 | I15: 3150 | J15: JET A-1 | K15: Separador | L15: Facet | M15: 3 | N15: CAA33-3SB | O15: 1 | P15: SS436FB-5 | Q15: 46194 | R15: =REFUELLERS[[#This Row],[PROXIMO CAMBIO]]-$D$1 -> 177 | S15: =IF($D$1<=REFUELLERS[[#This Row],[PROXIMO CAMBIO]],"VIGENTE","VENCIDO") -> VIGENTE | T15: SATURADOS | U15: =IFERROR(LOOKUP("SATURADOS",REFUELLERS[[#This Row],[CONDICION]],REFUELLERS[[#This Row],[CANT]]),0) -> 3 | V15: =IFERROR(LOOKUP("SATURADOS",REFUELLERS[[#This Row],[CONDICION]],REFUELLERS[[#This Row],[CANT ]]),0) -> 1
A16: =A15+1 -> 11 | B16: OEO | C16: MED | D16: INTERNATIONAL | E16: 4900 | F16: MOV 068 | G16: WOW-071 | H16: 1990 | I16: 5000 | J16: JET A-1 | K16: Separador | L16: Facet | M16: 3 | N16: CAA33-5SB | O16: 1 | P16: SS436FB-5 | Q16: 46783 | R16: =REFUELLERS[[#This Row],[PROXIMO CAMBIO]]-$D$1 -> 766 | S16: =IF($D$1<=REFUELLERS[[#This Row],[PROXIMO CAMBIO]],"VIGENTE","VENCIDO") -> VIGENTE | T16: SATURADOS | U16: =IFERROR(LOOKUP("SATURADOS",REFUELLERS[[#This Row],[CONDICION]],REFUELLERS[[#This Row],[CANT]]),0) -> 3 | V16: =IFERROR(LOOKUP("SATURADOS",REFUELLERS[[#This Row],[CONDICION]],REFUELLERS[[#This Row],[CANT ]]),0) -> 1
A17: =A16+1 -> 12 | B17: ORA | C17: IBE | D17: CHEVROLET | E17: NPR | F17: MOV 069 | G17: SRM-773 | H17: 2007 | I17: 2325 | J17: JET A-1 | K17: Separador | L17: Facet | M17: 2 | N17: CAA22-5SB | O17: 1 | P17: SS622FB-5 | Q17: 46825 | R17: =REFUELLERS[[#This Row],[PROXIMO CAMBIO]]-$D$1 -> 808 | S17: =IF($D$1<=REFUELLERS[[#This Row],[PROXIMO CAMBIO]],"VIGENTE","VENCIDO") -> VIGENTE | U17: =IFERROR(LOOKUP("SATURADOS",REFUELLERS[[#This Row],[CONDICION]],REFUELLERS[[#This Row],[CANT]]),0) -> 0 | V17: =IFERROR(LOOKUP("SATURADOS",REFUELLERS[[#This Row],[CONDICION]],REFUELLERS[[#This Row],[CANT ]]),0) -> 0
A18: =A17+1 -> 13 | B18: ORA | C18: UIB | D18: CHEVROLET | E18: NPR | F18: MOV 071 | G18: SRM-774 | H18: 2007 | I18: 2325 | J18: JET A-1 | K18: Separador | L18: Velcon | M18: 2 | N18: I-622C5TB | O18: 1 | P18: SO-324VA5 | Q18: 46624 | R18: =REFUELLERS[[#This Row],[PROXIMO CAMBIO]]-$D$1 -> 607 | S18: =IF($D$1<=REFUELLERS[[#This Row],[PROXIMO CAMBIO]],"VIGENTE","VENCIDO") -> VIGENTE | U18: =IFERROR(LOOKUP("SATURADOS",REFUELLERS[[#This Row],[CONDICION]],REFUELLERS[[#This Row],[CANT]]),0) -> 0 | V18: =IFERROR(LOOKUP("SATURADOS",REFUELLERS[[#This Row],[CONDICION]],REFUELLERS[[#This Row],[CANT ]]),0) -> 0
A19: =A18+1 -> 14 | B19: OJR | C19: CLO | D19: CHEVROLET | E19: NKR | F19: MOV 072 | G19: SOP-688 | H19: 2009 | I19: 1450 | J19: AV Gas | K19: Monitor | L19: Facet | M19: 2 | N19: FG-0-512-2 | O19: 0 | P19: N/A | Q19: 45464 | R19: =REFUELLERS[[#This Row],[PROXIMO CAMBIO]]-$D$1 -> -553 | S19: =IF($D$1<=REFUELLERS[[#This Row],[PROXIMO CAMBIO]],"VIGENTE","VENCIDO") -> VENCIDO | T19: SATURADOS | U19: =IFERROR(LOOKUP("SATURADOS",REFUELLERS[[#This Row],[CONDICION]],REFUELLERS[[#This Row],[CANT]]),0) -> 2 | V19: =IFERROR(LOOKUP("SATURADOS",REFUELLERS[[#This Row],[CONDICION]],REFUELLERS[[#This Row],[CANT ]]),0) -> 0
A20: =A19+1 -> 15 | B20: OEO | C20: MED | D20: INTERNATIONAL | E20: DT 466 | F20: MOV 073 | G20: GFP-509 | H20: 1997 | I20: 5000 | J20: JET A-1 | K20: Separador | L20: Facet | M20: 3 | N20: CAA33-3SB | O20: 1 | P20: SO-436V | Q20: 46773 | R20: =REFUELLERS[[#This Row],[PROXIMO CAMBIO]]-$D$1 -> 756 | S20: =IF($D$1<=REFUELLERS[[#This Row],[PROXIMO CAMBIO]],"VIGENTE","VENCIDO") -> VIGENTE | T20: SATURADOS | U20: =IFERROR(LOOKUP("SATURADOS",REFUELLERS[[#This Row],[CONDICION]],REFUELLERS[[#This Row],[CANT]]),0) -> 3 | V20: =IFERROR(LOOKUP("SATURADOS",REFUELLERS[[#This Row],[CONDICION]],REFUELLERS[[#This Row],[CANT ]]),0) -> 1
A21: =A20+1 -> 16 | B21: CRC | C21: EOH | D21: CHEVROLET | E21: NKR | F21: MOV 074 | G21: SRP-464 | H21: 2010 | I21: 1585 | J21: AV Gas | K21: Cartucho | L21: Velcon | M21: 1 | N21: ACO 51201P | O21: 0 | P21: N/A | Q21: 46352 | R21: =REFUELLERS[[#This Row],[PROXIMO CAMBIO]]-$D$1 -> 335 | S21: =IF($D$1<=REFUELLERS[[#This Row],[PROXIMO CAMBIO]],"VIGENTE","VENCIDO") -> VIGENTE | U21: =IFERROR(LOOKUP("SATURADOS",REFUELLERS[[#This Row],[CONDICION]],REFUELLERS[[#This Row],[CANT]]),0) -> 0 | V21: =IFERROR(LOOKUP("SATURADOS",REFUELLERS[[#This Row],[CONDICION]],REFUELLERS[[#This Row],[CANT ]]),0) -> 0
A22: =A21+1 -> 17 | D22: FORD | E22: F 800 | F22: MOV 075 | G22: GFP-512 | H22: 1991 | I22: 4500 | J22: JET A-1 | K22: Separador | L22: Velcon | M22: 3 | N22: I-633C5TB | O22: 1 | P22: SO-436V5 | Q22: 45464 | R22: =REFUELLERS[[#This Row],[PROXIMO CAMBIO]]-$D$1 -> -553 | S22: =IF($D$1<=REFUELLERS[[#This Row],[PROXIMO CAMBIO]],"VIGENTE","VENCIDO") -> VENCIDO | T22: SATURADOS | U22: =IFERROR(LOOKUP("SATURADOS",REFUELLERS[[#This Row],[CONDICION]],REFUELLERS[[#This Row],[CANT]]),0) -> 3 | V22: =IFERROR(LOOKUP("SATURADOS",REFUELLERS[[#This Row],[CONDICION]],REFUELLERS[[#This Row],[CANT ]]),0) -> 1
A23: =A22+1 -> 18 | B23: GN | C23: BAQ | D23: CHEVROLET | E23: NPR | F23: MOV 077 | G23: SRP-605 | H23: 2010 | I23: 2500 | J23: JET A-1 | K23: Separador | L23: Facet | M23: 2 | N23: CAA22-5SB | O23: 1 | P23: SS622FB-5 | Q23: 44368 | R23: =REFUELLERS[[#This Row],[PROXIMO CAMBIO]]-$D$1 -> -1649 | S23: =IF($D$1<=REFUELLERS[[#This Row],[PROXIMO CAMBIO]],"VIGENTE","VENCIDO") -> VENCIDO | T23: SATURADOS | U23: =IFERROR(LOOKUP("SATURADOS",REFUELLERS[[#This Row],[CONDICION]],REFUELLERS[[#This Row],[CANT]]),0) -> 2 | V23: =IFERROR(LOOKUP("SATURADOS",REFUELLERS[[#This Row],[CONDICION]],REFUELLERS[[#This Row],[CANT ]]),0) -> 1
A24: =A23+1 -> 19 | B24: ORA | C24: FLA | D24: CHEVROLET | E24: NPR | F24: MOV 078 | G24: SRP-748 | H24: 2011 | I24: 2250 | J24: JET A-1 | K24: Separador | L24: Velcon | M24: 2 | N24: I-622C5TB | O24: 1 | P24: SO-623VA | Q24: 46925 | R24: =REFUELLERS[[#This Row],[PROXIMO CAMBIO]]-$D$1 -> 908 | S24: =IF($D$1<=REFUELLERS[[#This Row],[PROXIMO CAMBIO]],"VIGENTE","VENCIDO") -> VIGENTE | U24: =IFERROR(LOOKUP("SATURADOS",REFUELLERS[[#This Row],[CONDICION]],REFUELLERS[[#This Row],[CANT]]),0) -> 0 | V24: =IFERROR(LOOKUP("SATURADOS",REFUELLERS[[#This Row],[CONDICION]],REFUELLERS[[#This Row],[CANT ]]),0) -> 0
A25: =A24+1 -> 20 | B25: HC | C25: GAA | D25: CHEVROLET | E25: NKR | F25: MOV 079 | G25: SPV-738 | H25: 2011 | I25: 1615 | J25: JET A-1 | K25: Cartucho | L25: Velcon | M25: 2 | N25: ACO 51201L | O25: 0 | P25: N/A | Q25: 46341 | R25: =REFUELLERS[[#This Row],[PROXIMO CAMBIO]]-$D$1 -> 324 | S25: =IF($D$1<=REFUELLERS[[#This Row],[PROXIMO CAMBIO]],"VIGENTE","VENCIDO") -> VIGENTE | U25: =IFERROR(LOOKUP("SATURADOS",REFUELLERS[[#This Row],[CONDICION]],REFUELLERS[[#This Row],[CANT]]),0) -> 0 | V25: =IFERROR(LOOKUP("SATURADOS",REFUELLERS[[#This Row],[CONDICION]],REFUELLERS[[#This Row],[CANT ]]),0) -> 0
A26: =A25+1 -> 21 | B26: GN | C26: CZU | D26: CHEVROLET | E26: NKR | F26: MOV 080 | G26: SPV-739 | H26: 2011 | I26: 1600 | J26: JET A-1 | K26: Cartucho | L26: Velcon | M26: 2 | N26: ACO 51201R | O26: 0 | P26: N/A | Q26: 44368 | R26: =REFUELLERS[[#This Row],[PROXIMO CAMBIO]]-$D$1 -> -1649 | S26: =IF($D$1<=REFUELLERS[[#This Row],[PROXIMO CAMBIO]],"VIGENTE","VENCIDO") -> VENCIDO | T26: SATURADOS | U26: =IFERROR(LOOKUP("SATURADOS",REFUELLERS[[#This Row],[CONDICION]],REFUELLERS[[#This Row],[CANT]]),0) -> 2 | V26: =IFERROR(LOOKUP("SATURADOS",REFUELLERS[[#This Row],[CONDICION]],REFUELLERS[[#This Row],[CANT ]]),0) -> 0
A27: =A26+1 -> 22 | B27: OJR | C27: PPN | D27: FORD | E27: F 600 | F27: MOV 082 | G27: KPN-543 | H27: 1991 | I27: 1250 | J27: AV Gas | K27: Cartucho | L27: Velcon | M27: 1 | N27: ACO 51201P | O27: 0 | P27: N/A | Q27: 44368 | R27: =REFUELLERS[[#This Row],[PROXIMO CAMBIO]]-$D$1 -> -1649 | S27: =IF($D$1<=REFUELLERS[[#This Row],[PROXIMO CAMBIO]],"VIGENTE","VENCIDO") -> VENCIDO | T27: SATURADOS | U27: =IFERROR(LOOKUP("SATURADOS",REFUELLERS[[#This Row],[CONDICION]],REFUELLERS[[#This Row],[CANT]]),0) -> 1 | V27: =IFERROR(LOOKUP("SATURADOS",REFUELLERS[[#This Row],[CONDICION]],REFUELLERS[[#This Row],[CANT ]]),0) -> 0
A28: =A27+1 -> 23 | B28: HC | C28: GAA | D28: FORD | E28: F 600 | F28: MOV 083 | G28: KPN-555 | H28: 1991 | I28: 1200 | J28: AV Gas | K28: Monitor | L28: Facet | M28: 1 | N28: FG-O-609-2 | O28: 0 | P28: N/A | Q28: 46194 | R28: =REFUELLERS[[#This Row],[PROXIMO CAMBIO]]-$D$1 -> 177 | S28: =IF($D$1<=REFUELLERS[[#This Row],[PROXIMO CAMBIO]],"VIGENTE","VENCIDO") -> VIGENTE | U28: =IFERROR(LOOKUP("SATURADOS",REFUELLERS[[#This Row],[CONDICION]],REFUELLERS[[#This Row],[CANT]]),0) -> 0 | V28: =IFERROR(LOOKUP("SATURADOS",REFUELLERS[[#This Row],[CONDICION]],REFUELLERS[[#This Row],[CANT ]]),0) -> 0
A29: =A28+1 -> 24 | B29: OJR | C29: PPN | D29: CHEVROLET | E29: NQR | F29: MOV 084 | G29: SZW-246 | H29: 2012 | I29: 2500 | J29: JET A-1 | K29: Separador | L29: Facet | M29: 2 | N29: CAA22-5SB | O29: 1 | P29: SS436FB-5 | Q29: 44368 | R29: =REFUELLERS[[#This Row],[PROXIMO CAMBIO]]-$D$1 -> -1649 | S29: =IF($D$1<=REFUELLERS[[#This Row],[PROXIMO CAMBIO]],"VIGENTE","VENCIDO") -> VENCIDO | T29: SATURADOS | U29: =IFERROR(LOOKUP("SATURADOS",REFUELLERS[[#This Row],[CONDICION]],REFUELLERS[[#This Row],[CANT]]),0) -> 2 | V29: =IFERROR(LOOKUP("SATURADOS",REFUELLERS[[#This Row],[CONDICION]],REFUELLERS[[#This Row],[CANT ]]),0) -> 1
A30: =A29+1 -> 25 | B30: CRC | C30: EOH | D30: CHEVROLET | E30: NKR | F30: MOV 085 | G30: SZW-389 | H30: 2012 | I30: 2000 | J30: JET A-1 | K30: Monitor | L30: Velcon | M30: 10 | N30: CDF-230P | O30: 0 | P30: N/A | Q30: 46194 | R30: =REFUELLERS[[#This Row],[PROXIMO CAMBIO]]-$D$1 -> 177 | S30: =IF($D$1<=REFUELLERS[[#This Row],[PROXIMO CAMBIO]],"VIGENTE","VENCIDO") -> VIGENTE | U30: =IFERROR(LOOKUP("SATURADOS",REFUELLERS[[#This Row],[CONDICION]],REFUELLERS[[#This Row],[CANT]]),0) -> 0 | V30: =IFERROR(LOOKUP("SATURADOS",REFUELLERS[[#This Row],[CONDICION]],REFUELLERS[[#This Row],[CANT ]]),0) -> 0
A31: =A30+1 -> 26 | B31: OEO | C31: MED | D31: INTERNATIONAL | E31: 4700 4X2 | F31: MOV 086 | G31: WOW-093 | H31: 2012 | I31: 3000 | J31: JET A-1 | K31: Separador | L31: Facet | M31: 3 | N31: CAA33-5SB | O31: 1 | P31: SS436FB-5 | Q31: 46194 | R31: =REFUELLERS[[#This Row],[PROXIMO CAMBIO]]-$D$1 -> 177 | S31: =IF($D$1<=REFUELLERS[[#This Row],[PROXIMO CAMBIO]],"VIGENTE","VENCIDO") -> VIGENTE | U31: =IFERROR(LOOKUP("SATURADOS",REFUELLERS[[#This Row],[CONDICION]],REFUELLERS[[#This Row],[CANT]]),0) -> 0 | V31: =IFERROR(LOOKUP("SATURADOS",REFUELLERS[[#This Row],[CONDICION]],REFUELLERS[[#This Row],[CANT ]]),0) -> 0
A32: =A31+1 -> 27 | B32: OJR | C32: CLO | D32: INTERNATIONAL | E32: 4300 | F32: MOV 088 | G32: SPX-874 | H32: 2013 | I32: 3150 | J32: JET A-1 | K32: Separador | L32: Facet | M32: 3 | N32: CAA33-5SB | O32: 1 | P32: SM-436FE-5 | Q32: 44368 | R32: =REFUELLERS[[#This Row],[PROXIMO CAMBIO]]-$D$1 -> -1649 | S32: =IF($D$1<=REFUELLERS[[#This Row],[PROXIMO CAMBIO]],"VIGENTE","VENCIDO") -> VENCIDO | T32: SATURADOS | U32: =IFERROR(LOOKUP("SATURADOS",REFUELLERS[[#This Row],[CONDICION]],REFUELLERS[[#This Row],[CANT]]),0) -> 3 | V32: =IFERROR(LOOKUP("SATURADOS",REFUELLERS[[#This Row],[CONDICION]],REFUELLERS[[#This Row],[CANT ]]),0) -> 1
A33: =A32+1 -> 28 | B33: OJR | C33: CLO | D33: INTERNATIONAL | E33: 4300 | F33: MOV 089 | G33: SPY-210 | H33: 2007 | I33: 3000 | J33: JET A-1 | K33: Separador | L33: Velcon | M33: 3 | N33: I-633C5TB | O33: 1 | P33: SO-436V5 | Q33: 46827 | R33: =REFUELLERS[[#This Row],[PROXIMO CAMBIO]]-$D$1 -> 810 | S33: =IF($D$1<=REFUELLERS[[#This Row],[PROXIMO CAMBIO]],"VIGENTE","VENCIDO") -> VIGENTE | U33: =IFERROR(LOOKUP("SATURADOS",REFUELLERS[[#This Row],[CONDICION]],REFUELLERS[[#This Row],[CANT]]),0) -> 0 | V33: =IFERROR(LOOKUP("SATURADOS",REFUELLERS[[#This Row],[CONDICION]],REFUELLERS[[#This Row],[CANT ]]),0) -> 0
A34: =A33+1 -> 29 | B34: ORA | C34: AXM | D34: CHEVROLET | E34: KODIAK | F34: MOV 090 | G34: SKH-065 | H34: 1995 | I34: 2650 | J34: JET A-1 | K34: Separador | L34: Facet | M34: 3 | N34: CAA22-5SB | O34: 1 | P34: SS424FB-5 | Q34: 46825 | R34: =REFUELLERS[[#This Row],[PROXIMO CAMBIO]]-$D$1 -> 808 | S34: =IF($D$1<=REFUELLERS[[#This Row],[PROXIMO CAMBIO]],"VIGENTE","VENCIDO") -> VIGENTE | U34: =IFERROR(LOOKUP("SATURADOS",REFUELLERS[[#This Row],[CONDICION]],REFUELLERS[[#This Row],[CANT]]),0) -> 0 | V34: =IFERROR(LOOKUP("SATURADOS",REFUELLERS[[#This Row],[CONDICION]],REFUELLERS[[#This Row],[CANT ]]),0) -> 0
A35: =A34+1 -> 30 | B35: ORA | C35: PEI | D35: FORD | E35: 700 | F35: MOV 091 | G35: KPN-551 | H35: 1991 | I35: 2650 | J35: JET A-1 | K35: Separador | L35: Velcon | M35: 3 | N35: I-628C5TB | O35: 1 | P35: SO-623V5 | Q35: 46620 | R35: =REFUELLERS[[#This Row],[PROXIMO CAMBIO]]-$D$1 -> 603 | S35: =IF($D$1<=REFUELLERS[[#This Row],[PROXIMO CAMBIO]],"VIGENTE","VENCIDO") -> VIGENTE | U35: =IFERROR(LOOKUP("SATURADOS",REFUELLERS[[#This Row],[CONDICION]],REFUELLERS[[#This Row],[CANT]]),0) -> 0 | V35: =IFERROR(LOOKUP("SATURADOS",REFUELLERS[[#This Row],[CONDICION]],REFUELLERS[[#This Row],[CANT ]]),0) -> 0
A36: =A35+1 -> 31 | B36: OEO | C36: MED | D36: KENWORTH | E36: T370 | F36: MOV 100 | G36: SPN291 | H36: 2011 | I36: 6000 | J36: JET A-1 | K36: Separador | L36: Velcon | M36: 3 | N36: CAA33-5SB | O36: 1 | P36: SS436FB-5 | R36: =REFUELLERS[[#This Row],[PROXIMO CAMBIO]]-$D$1 -> -46017 | S36: =IF($D$1<=REFUELLERS[[#This Row],[PROXIMO CAMBIO]],"VIGENTE","VENCIDO") -> VENCIDO | T36: SATURADOS | U36: =IFERROR(LOOKUP("SATURADOS",REFUELLERS[[#This Row],[CONDICION]],REFUELLERS[[#This Row],[CANT]]),0) -> 3 | V36: =IFERROR(LOOKUP("SATURADOS",REFUELLERS[[#This Row],[CONDICION]],REFUELLERS[[#This Row],[CANT ]]),0) -> 1
M37: =SUBTOTAL(109,REFUELLERS[CANT]) -> 106 | O37: =SUBTOTAL(109,REFUELLERS[[CANT ]]) -> 22

Sheet  Elementos Plantas
A1: FECHA | D1: =TODAY() -> 46017 | E1: ALERTA DE VIGILANCIA 120 DIAS O NENOS
A3: PLANTAS
A4: DATOS EDSA / TERMINAL | G4: FILTRACION | M4: ESTADO
A5: # | B5: SUP | C5: COD | D5: EDSA / TERMINAL | E5: UBICACIÓN | F5: PRODUCTO | G5: FILTRACION2 | H5: MARCA | I5: CANT | J5: 1º ETAPA | K5: CANT | L5: 2º ETAPA | M5: PROXIMO CAMBIO | N5: DIAS DE VIGILANCIA | O5: ESTADO | P5: CONDICION | Q5: V 1° | R5: V 2°
A6: 1 | B6: ORA | C6: AXM | D6: ARMENIA | E6: Z. Bombas | F6: JET A-1 | G6: Separador | H6: Facet | I6: 4 | J6: CAA28-5SB | K6: 3 | L6: SS609F-5 | M6: 46528 | N6: =PLANTAS[[#This Row],[PROXIMO CAMBIO]]-$D$1 -> 511 | O6: =IF($D$1<=PLANTAS[[#This Row],[PROXIMO CAMBIO]],"VIGENTE","VENCIDO") -> VIGENTE | Q6: =IFERROR(LOOKUP("SATURADOS",PLANTAS[[#This Row],[CONDICION]],PLANTAS[[#This Row],[CANT]]),0) -> 0 | R6: =IFERROR(LOOKUP("SATURADOS",PLANTAS[[#This Row],[CONDICION]],PLANTAS[[#This Row],[CANT ]]),0) -> 0
A7: =A6+1 -> 2 | B7: ORA | C7: BUN | D7: BUENAVENTURA | E7: Gabinete | F7: JET A-1 | G7: Cartucho | H7: Velcon | I7: 1 | J7: ACO 51201L | L7: N/A | M7: 46235 | N7: =PLANTAS[[#This Row],[PROXIMO CAMBIO]]-$D$1 -> 218 | O7: =IF($D$1<=PLANTAS[[#This Row],[PROXIMO CAMBIO]],"VIGENTE","VENCIDO") -> VIGENTE | Q7: =IFERROR(LOOKUP("SATURADOS",PLANTAS[[#This Row],[CONDICION]],PLANTAS[[#This Row],[CANT]]),0) -> 0 | R7: =IFERROR(LOOKUP("SATURADOS",PLANTAS[[#This Row],[CONDICION]],PLANTAS[[#This Row],[CANT ]]),0) -> 0
A8: =A7+1 -> 3 | B8: GN | C8: CZU | D8: COROZAL | E8: Gabinete | F8: JET A-1 | G8: Cartucho | H8: Velcon | I8: 1 | J8: ACO 51201L | L8: N/A | M8: 44368 | N8: =PLANTAS[[#This Row],[PROXIMO CAMBIO]]-$D$1 -> -1649 | O8: =IF($D$1<=PLANTAS[[#This Row],[PROXIMO CAMBIO]],"VIGENTE","VENCIDO") -> VENCIDO | P8: SATURADOS | Q8: =IFERROR(LOOKUP("SATURADOS",PLANTAS[[#This Row],[CONDICION]],PLANTAS[[#This Row],[CANT]]),0) -> 1 | R8: =IFERROR(LOOKUP("SATURADOS",PLANTAS[[#This Row],[CONDICION]],PLANTAS[[#This Row],[CANT ]]),0) -> 0
A9: =A8+1 -> 4 | B9: GN | C9: CZU | D9: COROZAL | E9: Gabinete | F9: JET A-1 | G9: Cartucho | H9: Velcon | I9: 1 | J9: ACO 51201L | L9: N/A | M9: 44368 | N9: =PLANTAS[[#This Row],[PROXIMO CAMBIO]]-$D$1 -> -1649 | O9: =IF($D$1<=PLANTAS[[#This Row],[PROXIMO CAMBIO]],"VIGENTE","VENCIDO") -> VENCIDO | P9: SATURADOS | Q9: =IFERROR(LOOKUP("SATURADOS",PLANTAS[[#This Row],[CONDICION]],PLANTAS[[#This Row],[CANT]]),0) -> 1 | R9: =IFERROR(LOOKUP("SATURADOS",PLANTAS[[#This Row],[CONDICION]],PLANTAS[[#This Row],[CANT ]]),0) -> 0
A10: =A9+1 -> 5 | B10: ORA | C10: BUN | D10: BUENAVENTURA | E10: Gabinete | F10: JET A-1 | G10: Cartucho | H10: Velcon | I10: 1 | J10: ACO 51201L | L10: N/A | M10: 46235 | N10: =PLANTAS[[#This Row],[PROXIMO CAMBIO]]-$D$1 -> 218 | O10: =IF($D$1<=PLANTAS[[#This Row],[PROXIMO CAMBIO]],"VIGENTE","VENCIDO") -> VIGENTE | Q10: =IFERROR(LOOKUP("SATURADOS",PLANTAS[[#This Row],[CONDICION]],PLANTAS[[#This Row],[CANT]]),0) -> 0 | R10: =IFERROR(LOOKUP("SATURADOS",PLANTAS[[#This Row],[CONDICION]],PLANTAS[[#This Row],[CANT ]]),0) -> 0
A11: =A10+1 -> 6 | B11: ORA | C11: BUN | D11: BUENAVENTURA | E11: Z. Bombas | F11: JET A-1 | G11: Separador | H11: Velcon | I11: 2 | J11: I-628C5TB | K11: 1 | L11: SO-630PV5 | M11: 44368 | N11: =PLANTAS[[#This Row],[PROXIMO CAMBIO]]-$D$1 -> -1649 | O11: =IF($D$1<=PLANTAS[[#This Row],[PROXIMO CAMBIO]],"VIGENTE","VENCIDO") -> VENCIDO | P11: SATURADOS | Q11: =IFERROR(LOOKUP("SATURADOS",PLANTAS[[#This Row],[CONDICION]],PLANTAS[[#This Row],[CANT]]),0) -> 2 | R11: =IFERROR(LOOKUP("SATURADOS",PLANTAS[[#This Row],[CONDICION]],PLANTAS[[#This Row],[CANT ]]),0) -> 1
A12: =A11+1 -> 7 | B12: ORA | C12: FLA | D12: FLORENCIA | E12: Gabinete | F12: JET A-1 | G12: Cartucho | H12: Velcon | I12: 1 | J12: ACO 52401R | L12: N/A | M12: 44368 | N12: =PLANTAS[[#This Row],[PROXIMO CAMBIO]]-$D$1 -> -1649 | O12: =IF($D$1<=PLANTAS[[#This Row],[PROXIMO CAMBIO]],"VIGENTE","VENCIDO") -> VENCIDO | P12: SATURADOS | Q12: =IFERROR(LOOKUP("SATURADOS",PLANTAS[[#This Row],[CONDICION]],PLANTAS[[#This Row],[CANT]]),0) -> 1 | R12: =IFERROR(LOOKUP("SATURADOS",PLANTAS[[#This Row],[CONDICION]],PLANTAS[[#This Row],[CANT ]]),0) -> 0
A13: =A12+1 -> 8 | B13: ORA | C13: FLA | D13: FLORENCIA | E13: Z. Bombas | F13: JET A-1 | G13: Separador | H13: Facet | I13: 4 | J13: CAA28-5SB | K13: 2 | L13: SS609FF-5 | M13: 44369 | N13: =PLANTAS[[#This Row],[PROXIMO CAMBIO]]-$D$1 -> -1648 | O13: =IF($D$1<=PLANTAS[[#This Row],[PROXIMO CAMBIO]],"VIGENTE","VENCIDO") -> VENCIDO | P13: SATURADOS | Q13: =IFERROR(LOOKUP("SATURADOS",PLANTAS[[#This Row],[CONDICION]],PLANTAS[[#This Row],[CANT]]),0) -> 4 | R13: =IFERROR(LOOKUP("SATURADOS",PLANTAS[[#This Row],[CONDICION]],PLANTAS[[#This Row],[CANT ]]),0) -> 2
A14: =A13+1 -> 9 | B14: ORA | C14: IBE | D14: IBAGUE | E14: Z. Bombas | F14: JET A-1 | G14: Separador | H14: Facet | I14: 3 | J14: CAA14-5SB | K14: 1 | L14: SO-614FB5 | M14: 46966 | N14: =PLANTAS[[#This Row],[PROXIMO CAMBIO]]-$D$1 -> 949 | O14: =IF($D$1<=PLANTAS[[#This Row],[PROXIMO CAMBIO]],"VIGENTE","VENCIDO") -> VIGENTE | Q14: =IFERROR(LOOKUP("SATURADOS",PLANTAS[[#This Row],[CONDICION]],PLANTAS[[#This Row],[CANT]]),0) -> 0 | R14: =IFERROR(LOOKUP("SATURADOS",PLANTAS[[#This Row],[CONDICION]],PLANTAS[[#This Row],[CANT ]]),0) -> 0
A15: =A14+1 -> 10 | B15: ORA | C15: IBE | D15: IBAGUE | E15: Z. Bombas | F15: AV Gas | G15: Separador | H15: Velcon | I15: 2 | J15: CAA28-5SB | K15: 1 | L15: SS629FD-5 | M15: 44368 | N15: =PLANTAS[[#This Row],[PROXIMO CAMBIO]]-$D$1 -> -1649 | O15: =IF($D$1<=PLANTAS[[#This Row],[PROXIMO CAMBIO]],"VIGENTE","VENCIDO") -> VENCIDO | P15: SATURADOS | Q15: =IFERROR(LOOKUP("SATURADOS",PLANTAS[[#This Row],[CONDICION]],PLANTAS[[#This Row],[CANT]]),0) -> 2 | R15: =IFERROR(LOOKUP("SATURADOS",PLANTAS[[#This Row],[CONDICION]],PLANTAS[[#This Row],[CANT ]]),0) -> 1
A16: =A15+1 -> 11 | B16: ORA | C16: IBE | D16: IBAGUE | E16: Gabinete | F16: JET A-1 | G16: Cartucho | H16: Velcon | L16: N/A | Q16: =IFERROR(LOOKUP("SATURADOS",PLANTAS[[#This Row],[CONDICION]],PLANTAS[[#This Row],[CANT]]),0) -> 0 | R16: =IFERROR(LOOKUP("SATURADOS",PLANTAS[[#This Row],[CONDICION]],PLANTAS[[#This Row],[CANT ]]),0) -> 0
A17: =A16+1 -> 12 | B17: ORA | C17: IBE | D17: IBAGUE | E17: Gabinete | F17: JET A-1 | G17: Cartucho | H17: Velcon | L17: N/A | Q17: =IFERROR(LOOKUP("SATURADOS",PLANTAS[[#This Row],[CONDICION]],PLANTAS[[#This Row],[CANT]]),0) -> 0 | R17: =IFERROR(LOOKUP("SATURADOS",PLANTAS[[#This Row],[CONDICION]],PLANTAS[[#This Row],[CANT ]]),0) -> 0
A18: =A17+1 -> 13 | B18: ORA | C18: IBE | D18: IBAGUE | E18: Gabinete | F18: AV Gas | G18: Cartucho | H18: Facet | I18: 1 | J18: ACO 51201L | L18: N/A | M18: 46266 | N18: =PLANTAS[[#This Row],[PROXIMO CAMBIO]]-$D$1 -> 249 | O18: =IF($D$1<=PLANTAS[[#This Row],[PROXIMO CAMBIO]],"VIGENTE","VENCIDO") -> VIGENTE | Q18: =IFERROR(LOOKUP("SATURADOS",PLANTAS[[#This Row],[CONDICION]],PLANTAS[[#This Row],[CANT]]),0) -> 0 | R18: =IFERROR(LOOKUP("SATURADOS",PLANTAS[[#This Row],[CONDICION]],PLANTAS[[#This Row],[CANT ]]),0) -> 0
A19: =A18+1 -> 14 | B19: OEO | C19: MED | D19: RIONEGRO | E19: Z. Bombas D | F19: JET A-1 | G19: Separador | H19: Facet | I19: 5 | J19: CAA28-5SB | K19: 2 | L19: SS630FE-5 | M19: 46864 | N19: =PLANTAS[[#This Row],[PROXIMO CAMBIO]]-$D$1 -> 847 | O19: =IF($D$1<=PLANTAS[[#This Row],[PROXIMO CAMBIO]],"VIGENTE","VENCIDO") -> VIGENTE | Q19: =IFERROR(LOOKUP("SATURADOS",PLANTAS[[#This Row],[CONDICION]],PLANTAS[[#This Row],[CANT]]),0) -> 0 | R19: =IFERROR(LOOKUP("SATURADOS",PLANTAS[[#This Row],[CONDICION]],PLANTAS[[#This Row],[CANT ]]),0) -> 0
A20: =A19+1 -> 15 | B20: OJR | C20: CLO | D20: CALI | E20: Z. Bombas | F20: JET A-1 | G20: Separador | H20: Facet | I20: 4 | J20: CAA28-5SB | K20: 3 | L20: SS609FE-5 | M20: 46712 | N20: =PLANTAS[[#This Row],[PROXIMO CAMBIO]]-$D$1 -> 695 | O20: =IF($D$1<=PLANTAS[[#This Row],[PROXIMO CAMBIO]],"VIGENTE","VENCIDO") -> VIGENTE | Q20: =IFERROR(LOOKUP("SATURADOS",PLANTAS[[#This Row],[CONDICION]],PLANTAS[[#This Row],[CANT]]),0) -> 0 | R20: =IFERROR(LOOKUP("SATURADOS",PLANTAS[[#This Row],[CONDICION]],PLANTAS[[#This Row],[CANT ]]),0) -> 0
A21: =A20+1 -> 16 | B21: ORA | C21: MZL | D21: MANIZALES | E21: Gabinete | F21: JET A-1 | G21: Cartucho | H21: Velcon | I21: 1 | J21: ACO 51201L | L21: N/A | M21: 44368 | N21: =PLANTAS[[#This Row],[PROXIMO CAMBIO]]-$D$1 -> -1649 | O21: =IF($D$1<=PLANTAS[[#This Row],[PROXIMO CAMBIO]],"VIGENTE","VENCIDO") -> VENCIDO | P21: SATURADOS | Q21: =IFERROR(LOOKUP("SATURADOS",PLANTAS[[#This Row],[CONDICION]],PLANTAS[[#This Row],[CANT]]),0) -> 1 | R21: =IFERROR(LOOKUP("SATURADOS",PLANTAS[[#This Row],[CONDICION]],PLANTAS[[#This Row],[CANT ]]),0) -> 0
A22: =A21+1 -> 17 | B22: ORA | C22: MZL | D22: MANIZALES | E22: Gabinete | F22: JET A-1 | G22: Cartucho | H22: Velcon | I22: 1 | J22: ACO 51201L | L22: N/A | M22: 44368 | N22: =PLANTAS[[#This Row],[PROXIMO CAMBIO]]-$D$1 -> -1649 | O22: =IF($D$1<=PLANTAS[[#This Row],[PROXIMO CAMBIO]],"VIGENTE","VENCIDO") -> VENCIDO | P22: SATURADOS | Q22: =IFERROR(LOOKUP("SATURADOS",PLANTAS[[#This Row],[CONDICION]],PLANTAS[[#This Row],[CANT]]),0) -> 1 | R22: =IFERROR(LOOKUP("SATURADOS",PLANTAS[[#This Row],[CONDICION]],PLANTAS[[#This Row],[CANT ]]),0) -> 0
A23: =A22+1 -> 18 | B23: ORA | C23: MZL | D23: MANIZALES | E23: Z. Bombas | F23: JET A-1 | G23: Separador | H23: Facet | I23: 3 | J23: CAA14-5SB | K23: 1 | L23: SS614FB-5 | M23: 46998 | N23: =PLANTAS[[#This Row],[PROXIMO CAMBIO]]-$D$1 -> 981 | O23: =IF($D$1<=PLANTAS[[#This Row],[PROXIMO CAMBIO]],"VIGENTE","VENCIDO") -> VIGENTE | Q23: =IFERROR(LOOKUP("SATURADOS",PLANTAS[[#This Row],[CONDICION]],PLANTAS[[#This Row],[CANT]]),0) -> 0 | R23: =IFERROR(LOOKUP("SATURADOS",PLANTAS[[#This Row],[CONDICION]],PLANTAS[[#This Row],[CANT ]]),0) -> 0
A24: =A23+1 -> 19 | B24: OEO | C24: MED | D24: RIONEGRO | E24: Z. Bombas R | F24: JET A-1 | G24: Separador | H24: Facet | I24: 5 | J24: CAA28-5SB | K24: 3 | L24: SS609FB-5 | M24: 46864 | N24: =PLANTAS[[#This Row],[PROXIMO CAMBIO]]-$D$1 -> 847 | O24: =IF($D$1<=PLANTAS[[#This Row],[PROXIMO CAMBIO]],"VIGENTE","VENCIDO") -> VIGENTE | Q24: =IFERROR(LOOKUP("SATURADOS",PLANTAS[[#This Row],[CONDICION]],PLANTAS[[#This Row],[CANT]]),0) -> 0 | R24: =IFERROR(LOOKUP("SATURADOS",PLANTAS[[#This Row],[CONDICION]],PLANTAS[[#This Row],[CANT ]]),0) -> 0
A25: =A24+1 -> 20 | B25: OEO | C25: MED | D25: RIONEGRO | E25: Z. Bombas R | F25: JET A-1 | G25: Micronico | H25: Facet | I25: 6 | J25: FO614-PL5 | L25: N/A | M25: 46773 | N25: =PLANTAS[[#This Row],[PROXIMO CAMBIO]]-$D$1 -> 756 | O25: =IF($D$1<=PLANTAS[[#This Row],[PROXIMO CAMBIO]],"VIGENTE","VENCIDO") -> VIGENTE | Q25: =IFERROR(LOOKUP("SATURADOS",PLANTAS[[#This Row],[CONDICION]],PLANTAS[[#This Row],[CANT]]),0) -> 0 | R25: =IFERROR(LOOKUP("SATURADOS",PLANTAS[[#This Row],[CONDICION]],PLANTAS[[#This Row],[CANT ]]),0) -> 0
A26: =A25+1 -> 21 | B26: GN | C26: CZU | D26: COROZAL | E26: Z. Bombas | F26: JET A-1 | G26: Separador | H26: Facet | I26: 4 | J26: CAA28-5SB | K26: 2 | L26: SS630FE-5 | M26: 44429 | N26: =PLANTAS[[#This Row],[PROXIMO CAMBIO]]-$D$1 -> -1588 | O26: =IF($D$1<=PLANTAS[[#This Row],[PROXIMO CAMBIO]],"VIGENTE","VENCIDO") -> VENCIDO | P26: SATURADOS | Q26: =IFERROR(LOOKUP("SATURADOS",PLANTAS[[#This Row],[CONDICION]],PLANTAS[[#This Row],[CANT]]),0) -> 4 | R26: =IFERROR(LOOKUP("SATURADOS",PLANTAS[[#This Row],[CONDICION]],PLANTAS[[#This Row],[CANT ]]),0) -> 2
A27: =A26+1 -> 22 | B27: GN | C27: BAQ | D27: BARRAQUILLA | E27: Z. Bombas | F27: JET A-1 | G27: Separador | H27: Facet | I27: 4 | J27: CAA28-5SB | K27: 3 | L27: SS609FE-5 | M27: 44337 | N27: =PLANTAS[[#This Row],[PROXIMO CAMBIO]]-$D$1 -> -1680 | O27: =IF($D$1<=PLANTAS[[#This Row],[PROXIMO CAMBIO]],"VIGENTE","VENCIDO") -> VENCIDO | P27: SATURADOS | Q27: =IFERROR(LOOKUP("SATURADOS",PLANTAS[[#This Row],[CONDICION]],PLANTAS[[#This Row],[CANT]]),0) -> 4 | R27: =IFERROR(LOOKUP("SATURADOS",PLANTAS[[#This Row],[CONDICION]],PLANTAS[[#This Row],[CANT ]]),0) -> 3
A28: =A27+1 -> 23 | B28: HC | C28: GAA | D28: GUAYMARAL | E28: Gabinete | F28: JET A-1 | G28: Cartucho | H28: Velcon | I28: 1 | J28: FG-O-512-2 | L28: N/A | M28: 46167 | N28: =PLANTAS[[#This Row],[PROXIMO CAMBIO]]-$D$1 -> 150 | O28: =IF($D$1<=PLANTAS[[#This Row],[PROXIMO CAMBIO]],"VIGENTE","VENCIDO") -> VIGENTE | Q28: =IFERROR(LOOKUP("SATURADOS",PLANTAS[[#This Row],[CONDICION]],PLANTAS[[#This Row],[CANT]]),0) -> 0 | R28: =IFERROR(LOOKUP("SATURADOS",PLANTAS[[#This Row],[CONDICION]],PLANTAS[[#This Row],[CANT ]]),0) -> 0
A29: =A28+1 -> 24 | B29: HC | C29: GAA | D29: GUAYMARAL | E29: Gabinete | F29: AV Gas | G29: Cartucho | H29: Velcon | I29: 2 | J29: FG-O-609-2 | L29: N/A | M29: 46167 | N29: =PLANTAS[[#This Row],[PROXIMO CAMBIO]]-$D$1 -> 150 | O29: =IF($D$1<=PLANTAS[[#This Row],[PROXIMO CAMBIO]],"VIGENTE","VENCIDO") -> VIGENTE | Q29: =IFERROR(LOOKUP("SATURADOS",PLANTAS[[#This Row],[CONDICION]],PLANTAS[[#This Row],[CANT]]),0) -> 0 | R29: =IFERROR(LOOKUP("SATURADOS",PLANTAS[[#This Row],[CONDICION]],PLANTAS[[#This Row],[CANT ]]),0) -> 0
A30: =A29+1 -> 25 | B30: OJR | C30: CLO | D30: CALI | E30: Z. Bombas | F30: AV Gas | G30: Separador | H30: Velcon | I30: 2 | J30: I-62287TB | K30: 1 | L30: SO-609C | M30: 44368 | N30: =PLANTAS[[#This Row],[PROXIMO CAMBIO]]-$D$1 -> -1649 | O30: =IF($D$1<=PLANTAS[[#This Row],[PROXIMO CAMBIO]],"VIGENTE","VENCIDO") -> VENCIDO | P30: SATURADOS | Q30: =IFERROR(LOOKUP("SATURADOS",PLANTAS[[#This Row],[CONDICION]],PLANTAS[[#This Row],[CANT]]),0) -> 2 | R30: =IFERROR(LOOKUP("SATURADOS",PLANTAS[[#This Row],[CONDICION]],PLANTAS[[#This Row],[CANT ]]),0) -> 1
A31: =A30+1 -> 26 | B31: HC | C31: GAA | D31: GUAYMARAL | E31: Z. Bombas | F31: AV Gas | G31: Separador | H31: Velcon | I31: 2 | J31: I-61487TB | K31: 1 | L31: SS622FB-5 | M31: 43272 | N31: =PLANTAS[[#This Row],[PROXIMO CAMBIO]]-$D$1 -> -2745 | O31: =IF($D$1<=PLANTAS[[#This Row],[PROXIMO CAMBIO]],"VIGENTE","VENCIDO") -> VENCIDO | P31: SATURADOS | Q31: =IFERROR(LOOKUP("SATURADOS",PLANTAS[[#This Row],[CONDICION]],PLANTAS[[#This Row],[CANT]]),0) -> 2 | R31: =IFERROR(LOOKUP("SATURADOS",PLANTAS[[#This Row],[CONDICION]],PLANTAS[[#This Row],[CANT ]]),0) -> 1
A32: =A31+1 -> 27 | B32: GN | C32: BAQ | D32: BARRAQUILLA | E32: Z. Bombas | F32: AV Gas | G32: Separador | H32: Velcon | I32: 2 | J32: I-62287TB | K32: 1 | L32: SO-629C | M32: 44368 | N32: =PLANTAS[[#This Row],[PROXIMO CAMBIO]]-$D$1 -> -1649 | O32: =IF($D$1<=PLANTAS[[#This Row],[PROXIMO CAMBIO]],"VIGENTE","VENCIDO") -> VENCIDO | P32: SATURADOS | Q32: =IFERROR(LOOKUP("SATURADOS",PLANTAS[[#This Row],[CONDICION]],PLANTAS[[#This Row],[CANT]]),0) -> 2 | R32: =IFERROR(LOOKUP("SATURADOS",PLANTAS[[#This Row],[CONDICION]],PLANTAS[[#This Row],[CANT ]]),0) -> 1
A33: =A32+1 -> 28 | B33: HC | C33: GAA | D33: GUAYMARAL | E33: Z. Bombas | F33: JET A-1 | G33: Separador | H33: Facet | I33: 1 | J33: CAA22-5SB | K33: 1 | L33: SS622FB-5 | M33: 43278 | N33: =PLANTAS[[#This Row],[PROXIMO CAMBIO]]-$D$1 -> -2739 | O33: =IF($D$1<=PLANTAS[[#This Row],[PROXIMO CAMBIO]],"VIGENTE","VENCIDO") -> VENCIDO | P33: SATURADOS | Q33: =IFERROR(LOOKUP("SATURADOS",PLANTAS[[#This Row],[CONDICION]],PLANTAS[[#This Row],[CANT]]),0) -> 1 | R33: =IFERROR(LOOKUP("SATURADOS",PLANTAS[[#This Row],[CONDICION]],PLANTAS[[#This Row],[CANT ]]),0) -> 1
A34: =A33+1 -> 29 | B34: ORA | C34: PEI | D34: PEREIRA | E34: Z. Bombas | F34: JET A-1 | G34: Separador | H34: Facet | I34: 3 | J34: CAA28-5SB | K34: 4 | L34: SS609FE-5 | M34: 46439 | N34: =PLANTAS[[#This Row],[PROXIMO CAMBIO]]-$D$1 -> 422 | O34: =IF($D$1<=PLANTAS[[#This Row],[PROXIMO CAMBIO]],"VIGENTE","VENCIDO") -> VIGENTE | Q34: =IFERROR(LOOKUP("SATURADOS",PLANTAS[[#This Row],[CONDICION]],PLANTAS[[#This Row],[CANT]]),0) -> 0 | R34: =IFERROR(LOOKUP("SATURADOS",PLANTAS[[#This Row],[CONDICION]],PLANTAS[[#This Row],[CANT ]]),0) -> 0
A35: =A34+1 -> 30 | B35: CRC | C35: EOH | D35: MEDELLIN | E35: Z. Bombas | F35: AV Gas | G35: Separador | H35: Velcon | I35: 2 | J35: I-62887TB | K35: 1 | L35: SO-629C | M35: 46774 | N35: =PLANTAS[[#This Row],[PROXIMO CAMBIO]]-$D$1 -> 757 | O35: =IF($D$1<=PLANTAS[[#This Row],[PROXIMO CAMBIO]],"VIGENTE","VENCIDO") -> VIGENTE | Q35: =IFERROR(LOOKUP("SATURADOS",PLANTAS[[#This Row],[CONDICION]],PLANTAS[[#This Row],[CANT]]),0) -> 0 | R35: =IFERROR(LOOKUP("SATURADOS",PLANTAS[[#This Row],[CONDICION]],PLANTAS[[#This Row],[CANT ]]),0) -> 0
A36: =A35+1 -> 31 | B36: CRC | C36: EOH | D36: MEDELLIN | E36: Z. Bombas | F36: JET A-1 | G36: Separador | H36: Facet | I36: 2 | J36: CAA28-5SB | K36: 1 | L36: SS929FD-5 | M36: 46774 | N36: =PLANTAS[[#This Row],[PROXIMO CAMBIO]]-$D$1 -> 757 | O36: =IF($D$1<=PLANTAS[[#This Row],[PROXIMO CAMBIO]],"VIGENTE","VENCIDO") -> VIGENTE | Q36: =IFERROR(LOOKUP("SATURADOS",PLANTAS[[#This Row],[CONDICION]],PLANTAS[[#This Row],[CANT]]),0) -> 0 | R36: =IFERROR(LOOKUP("SATURADOS",PLANTAS[[#This Row],[CONDICION]],PLANTAS[[#This Row],[CANT ]]),0) -> 0
A37: =A36+1 -> 32 | B37: ORA | C37: UIB | D37: QUIBDO | E37: Gabinete | F37: AV Gas | G37: Cartucho | H37: Velcon | I37: 1 | J37: ACO 51201L | L37: N/A | M37: 46143 | N37: =PLANTAS[[#This Row],[PROXIMO CAMBIO]]-$D$1 -> 126 | O37: =IF($D$1<=PLANTAS[[#This Row],[PROXIMO CAMBIO]],"VIGENTE","VENCIDO") -> VIGENTE | Q37: =IFERROR(LOOKUP("SATURADOS",PLANTAS[[#This Row],[CONDICION]],PLANTAS[[#This Row],[CANT]]),0) -> 0 | R37: =IFERROR(LOOKUP("SATURADOS",PLANTAS[[#This Row],[CONDICION]],PLANTAS[[#This Row],[CANT ]]),0) -> 0
A38: =A37+1 -> 33 | B38: OJR | C38: PPN | D38: POPAYAN | E38: Z. Bombas | F38: JET A-1 | G38: Separador | H38: Velcon | I38: 2 | J38: I-628C5TB | K38: 2 | L38: SO-609V5 | M38: 44248 | N38: =PLANTAS[[#This Row],[PROXIMO CAMBIO]]-$D$1 -> -1769 | O38: =IF($D$1<=PLANTAS[[#This Row],[PROXIMO CAMBIO]],"VIGENTE","VENCIDO") -> VENCIDO | P38: SATURADOS | Q38: =IFERROR(LOOKUP("SATURADOS",PLANTAS[[#This Row],[CONDICION]],PLANTAS[[#This Row],[CANT]]),0) -> 2 | R38: =IFERROR(LOOKUP("SATURADOS",PLANTAS[[#This Row],[CONDICION]],PLANTAS[[#This Row],[CANT ]]),0) -> 2
A39: =A38+1 -> 34 | B39: ORA | C39: UIB | D39: QUIBDO | E39: Gabinete | F39: JET A-1 | G39: Cartucho | H39: Velcon | Q39: =IFERROR(LOOKUP("SATURADOS",PLANTAS[[#This Row],[CONDICION]],PLANTAS[[#This Row],[CANT]]),0) -> 0 | R39: =IFERROR(LOOKUP("SATURADOS",PLANTAS[[#This Row],[CONDICION]],PLANTAS[[#This Row],[CANT ]]),0) -> 0
A40: =A39+1 -> 35 | B40: ORA | C40: UIB | D40: QUIBDO | E40: Gabinete | F40: JET A-1 | G40: Cartucho | H40: Velcon | Q40: =IFERROR(LOOKUP("SATURADOS",PLANTAS[[#This Row],[CONDICION]],PLANTAS[[#This Row],[CANT]]),0) -> 0 | R40: =IFERROR(LOOKUP("SATURADOS",PLANTAS[[#This Row],[CONDICION]],PLANTAS[[#This Row],[CANT ]]),0) -> 0
A41: =A40+1 -> 36 | B41: ORA | C41: UIB | D41: QUIBDO | E41: Z. Bombas | F41: JET A-1 | G41: Separador | H41: Velcon | I41: 2 | J41: I-622C5TB | K41: 1 | L41: SO-623VA5 | M41: 46624 | N41: =PLANTAS[[#This Row],[PROXIMO CAMBIO]]-$D$1 -> 607 | O41: =IF($D$1<=PLANTAS[[#This Row],[PROXIMO CAMBIO]],"VIGENTE","VENCIDO") -> VIGENTE | Q41: =IFERROR(LOOKUP("SATURADOS",PLANTAS[[#This Row],[CONDICION]],PLANTAS[[#This Row],[CANT]]),0) -> 0 | R41: =IFERROR(LOOKUP("SATURADOS",PLANTAS[[#This Row],[CONDICION]],PLANTAS[[#This Row],[CANT ]]),0) -> 0
A42: =A41+1 -> 37 | B42: ORA | C42: UIB | D42: QUIBDO | E42: Z. Bombas | F42: AV Gas | G42: Separador | H42: Velcon | I42: 2 | J42: I-62887TB | K42: 1 | L42: SO-629C | M42: 45464 | N42: =PLANTAS[[#This Row],[PROXIMO CAMBIO]]-$D$1 -> -553 | O42: =IF($D$1<=PLANTAS[[#This Row],[PROXIMO CAMBIO]],"VIGENTE","VENCIDO") -> VENCIDO | P42: SATURADOS | Q42: =IFERROR(LOOKUP("SATURADOS",PLANTAS[[#This Row],[CONDICION]],PLANTAS[[#This Row],[CANT]]),0) -> 2 | R42: =IFERROR(LOOKUP("SATURADOS",PLANTAS[[#This Row],[CONDICION]],PLANTAS[[#This Row],[CANT ]]),0) -> 1
I43: =SUBTOTAL(109,PLANTAS[CANT]) -> 41 | K43: =SUBTOTAL(109,PLANTAS[[CANT ]]) -> 26

Sheet RES R+P
A1: ELEMETOS FILTRNTES PARA CAMBIO
A3: Los valores aquí prestados deben ser actualizados, y se debe incluir el valor de importación y nacionalización que puede ser equivalente al 25% del costo.
A5: FECHA | C5: =TODAY() -> 46017 | E5: #VALUE! | F5: {=_FV(E5,"Precio")} -> 3693.25
H7: REMPLAZO ELEMENTOS | K7: =D12+K12 -> 71 | L7: =E12+L12 -> 12178.39 | M7: =F12+M12 -> 44977839
H8: IMPOR Y NACIONALIZA | K8: 0.25 | L8: =L7*K8 -> 3044.5975 | M8: =L8*F5 -> 11244460
H9: TOTAL REFUELLERS | L9: =SUM(L7:L8) -> 15222.987 | M9: =SUM(M7:M8) -> 56222299
A11: REFUELLERS | H11: REFUELLERS
A12: TOTALES | C12: =SUBTOTAL(109,Tabla186[CANT ISTA]) -> 106 | D12: =SUBTOTAL(109,Tabla186[PARA CAMB]) -> 61 | E12: =SUBTOTAL(109,E14:E28) -> 9617.39 | F12: =SUBTOTAL(109,F14:F28) -> 35519426 | H12: TOTALES | J12: =SUM(Tabla1869[CANT ISTA]) -> 22 | K12: =SUBTOTAL(109,Tabla1869[PARA CAMB]) -> 10 | L12: =SUBTOTAL(109,L14:L24) -> 2561 | M12: =SUBTOTAL(109,M14:M24) -> 9458413.2
A13: # | B13: 1º ETAPA | C13: CANT ISTA | D13: PARA CAMB | E13: DÓLAR | F13: PESOS | H13: # | I13: 2º ETAPA | J13: CANT ISTA | K13: PARA CAMB | L13: DÓLAR | M13: PESOS
A14: 1 | B14: ACO 51201L | C14: =SUMIF(REFUELLERS[1º ETAPA],Tabla186[[#This Row],[1º ETAPA]],REFUELLERS[CANT]) -> 2 | D14: =SUMIF(REFUELLERS[1º ETAPA],Tabla186[[#This Row],[1º ETAPA]],REFUELLERS[V 1°]) -> 0 | E14: =IF(D14=0,"0",(IFERROR(LOOKUP(B14,Costos!$B$5:$B$100,Costos!$C$5:$C$100),0)))*Tabla186[[#This Row],[PARA CAMB]] -> 0 | F14: =Tabla186[[#This Row],[DÓLAR]]*$F$5 -> 0 | H14: 1 | I14: SM-436FE-5 | J14: =SUMIF(REFUELLERS[2º ETAPA],Tabla1869[[#This Row],[2º ETAPA]],REFUELLERS[[CANT ]]) -> 1 | K14: =SUMIF(REFUELLERS[2º ETAPA],Tabla1869[[#This Row],[2º ETAPA]],REFUELLERS[V 2°]) -> 1 | L14: =IF(K14=0,"0",(IFERROR(LOOKUP(I14,Costos!$B$5:$B$100,Costos!$C$5:$C$100),0)))*Tabla1869[[#This Row],[PARA CAMB]] -> 256.1 | M14: =Tabla1869[[#This Row],[DÓLAR]]*$F$5 -> 945841.33
A15: =A14+1 -> 2 | B15: ACO 51201P | C15: =SUMIF(REFUELLERS[1º ETAPA],Tabla186[[#This Row],[1º ETAPA]],REFUELLERS[CANT]) -> 2 | D15: =SUMIF(REFUELLERS[1º ETAPA],Tabla186[[#This Row],[1º ETAPA]],REFUELLERS[V 1°]) -> 1 | E15: =IF(D15=0,"0",(IFERROR(LOOKUP(B15,Costos!$B$5:$B$100,Costos!$C$5:$C$100),0)))*Tabla186[[#This Row],[PARA CAMB]] -> 314 | F15: =Tabla186[[#This Row],[DÓLAR]]*$F$5 -> 1159680.5 | H15: =H14+1 -> 2 | I15: SO-324VA5 | J15: =SUMIF(REFUELLERS[2º ETAPA],Tabla1869[[#This Row],[2º ETAPA]],REFUELLERS[[CANT ]]) -> 1 | K15: =SUMIF(REFUELLERS[2º ETAPA],Tabla1869[[#This Row],[2º ETAPA]],REFUELLERS[V 2°]) -> 0 | L15: =IF(K15=0,"0",(IFERROR(LOOKUP(I15,Costos!$B$5:$B$100,Costos!$C$5:$C$100),0)))*Tabla1869[[#This Row],[PARA CAMB]] -> 0 | M15: =Tabla1869[[#This Row],[DÓLAR]]*$F$5 -> 0
A16: =A15+1 -> 3 | B16: ACO 51201R | C16: =SUMIF(REFUELLERS[1º ETAPA],Tabla186[[#This Row],[1º ETAPA]],REFUELLERS[CANT]) -> 4 | D16: =SUMIF(REFUELLERS[1º ETAPA],Tabla186[[#This Row],[1º ETAPA]],REFUELLERS[V 1°]) -> 4 | E16: =IF(D16=0,"0",(IFERROR(LOOKUP(B16,Costos!$B$5:$B$100,Costos!$C$5:$C$100),0)))*Tabla186[[#This Row],[PARA CAMB]] -> 1256 | F16: =Tabla186[[#This Row],[DÓLAR]]*$F$5 -> 4638722 | H16: =H15+1 -> 3 | I16: SO-436V | J16: =SUMIF(REFUELLERS[2º ETAPA],Tabla1869[[#This Row],[2º ETAPA]],REFUELLERS[[CANT ]]) -> 3 | K16: =SUMIF(REFUELLERS[2º ETAPA],Tabla1869[[#This Row],[2º ETAPA]],REFUELLERS[V 2°]) -> 1 | L16: =IF(K16=0,"0",(IFERROR(LOOKUP(I16,Costos!$B$5:$B$100,Costos!$C$5:$C$100),0)))*Tabla1869[[#This Row],[PARA CAMB]] -> 256.1 | M16: =Tabla1869[[#This Row],[DÓLAR]]*$F$5 -> 945841.33
A17: =A16+1 -> 4 | B17: CAA22-5SB | C17: =SUMIF(REFUELLERS[1º ETAPA],Tabla186[[#This Row],[1º ETAPA]],REFUELLERS[CANT]) -> 11 | D17: =SUMIF(REFUELLERS[1º ETAPA],Tabla186[[#This Row],[1º ETAPA]],REFUELLERS[V 1°]) -> 4 | E17: =IF(D17=0,"0",(IFERROR(LOOKUP(B17,Costos!$B$5:$B$100,Costos!$C$5:$C$100),0)))*Tabla186[[#This Row],[PARA CAMB]] -> 403.68 | F17: =Tabla186[[#This Row],[DÓLAR]]*$F$5 -> 1490891.2 | H17: =H16+1 -> 4 | I17: SO-436V5 | J17: =SUMIF(REFUELLERS[2º ETAPA],Tabla1869[[#This Row],[2º ETAPA]],REFUELLERS[[CANT ]]) -> 2 | K17: =SUMIF(REFUELLERS[2º ETAPA],Tabla1869[[#This Row],[2º ETAPA]],REFUELLERS[V 2°]) -> 1 | L17: =IF(K17=0,"0",(IFERROR(LOOKUP(I17,Costos!$B$5:$B$100,Costos!$C$5:$C$100),0)))*Tabla1869[[#This Row],[PARA CAMB]] -> 256.1 | M17: =Tabla1869[[#This Row],[DÓLAR]]*$F$5 -> 945841.33
A18: =A17+1 -> 5 | B18: CAA28-5SB | C18: =SUMIF(REFUELLERS[1º ETAPA],Tabla186[[#This Row],[1º ETAPA]],REFUELLERS[CANT]) -> 2 | D18: =SUMIF(REFUELLERS[1º ETAPA],Tabla186[[#This Row],[1º ETAPA]],REFUELLERS[V 1°]) -> 2 | E18: =IF(D18=0,"0",(IFERROR(LOOKUP(B18,Costos!$B$5:$B$100,Costos!$C$5:$C$100),0)))*Tabla186[[#This Row],[PARA CAMB]] -> 405.18 | F18: =Tabla186[[#This Row],[DÓLAR]]*$F$5 -> 1496431 | H18: =H17+1 -> 5 | I18: SO-623V5 | J18: =SUMIF(REFUELLERS[2º ETAPA],Tabla1869[[#This Row],[2º ETAPA]],REFUELLERS[[CANT ]]) -> 1 | K18: =SUMIF(REFUELLERS[2º ETAPA],Tabla1869[[#This Row],[2º ETAPA]],REFUELLERS[V 2°]) -> 0 | L18: =IF(K18=0,"0",(IFERROR(LOOKUP(I18,Costos!$B$5:$B$100,Costos!$C$5:$C$100),0)))*Tabla1869[[#This Row],[PARA CAMB]] -> 0 | M18: =Tabla1869[[#This Row],[DÓLAR]]*$F$5 -> 0
A19: =A18+1 -> 6 | B19: CAA33-3SB | C19: =SUMIF(REFUELLERS[1º ETAPA],Tabla186[[#This Row],[1º ETAPA]],REFUELLERS[CANT]) -> 6 | D19: =SUMIF(REFUELLERS[1º ETAPA],Tabla186[[#This Row],[1º ETAPA]],REFUELLERS[V 1°]) -> 6 | E19: =IF(D19=0,"0",(IFERROR(LOOKUP(B19,Costos!$B$5:$B$100,Costos!$C$5:$C$100),0)))*Tabla186[[#This Row],[PARA CAMB]] -> 1215.54 | F19: =Tabla186[[#This Row],[DÓLAR]]*$F$5 -> 4489293.1 | H19: =H18+1 -> 6 | I19: SO-623VA | J19: =SUMIF(REFUELLERS[2º ETAPA],Tabla1869[[#This Row],[2º ETAPA]],REFUELLERS[[CANT ]]) -> 1 | K19: =SUMIF(REFUELLERS[2º ETAPA],Tabla1869[[#This Row],[2º ETAPA]],REFUELLERS[V 2°]) -> 0 | L19: =IF(K19=0,"0",(IFERROR(LOOKUP(I19,Costos!$B$5:$B$100,Costos!$C$5:$C$100),0)))*Tabla1869[[#This Row],[PARA CAMB]] -> 0 | M19: =Tabla1869[[#This Row],[DÓLAR]]*$F$5 -> 0
A20: =A19+1 -> 7 | B20: CAA33-5SB | C20: =SUMIF(REFUELLERS[1º ETAPA],Tabla186[[#This Row],[1º ETAPA]],REFUELLERS[CANT]) -> 21 | D20: =SUMIF(REFUELLERS[1º ETAPA],Tabla186[[#This Row],[1º ETAPA]],REFUELLERS[V 1°]) -> 12 | E20: =IF(D20=0,"0",(IFERROR(LOOKUP(B20,Costos!$B$5:$B$100,Costos!$C$5:$C$100),0)))*Tabla186[[#This Row],[PARA CAMB]] -> 3113.4 | F20: =Tabla186[[#This Row],[DÓLAR]]*$F$5 -> 11498565 | H20: =H19+1 -> 7 | I20: SS424FB-5 | J20: =SUMIF(REFUELLERS[2º ETAPA],Tabla1869[[#This Row],[2º ETAPA]],REFUELLERS[[CANT ]]) -> 1 | K20: =SUMIF(REFUELLERS[2º ETAPA],Tabla1869[[#This Row],[2º ETAPA]],REFUELLERS[V 2°]) -> 0 | L20: =IF(K20=0,"0",(IFERROR(LOOKUP(I20,Costos!$B$5:$B$100,Costos!$C$5:$C$100),0)))*Tabla1869[[#This Row],[PARA CAMB]] -> 0 | M20: =Tabla1869[[#This Row],[DÓLAR]]*$F$5 -> 0
A21: =A20+1 -> 8 | B21: CDF-230P | C21: =SUMIF(REFUELLERS[1º ETAPA],Tabla186[[#This Row],[1º ETAPA]],REFUELLERS[CANT]) -> 10 | D21: =SUMIF(REFUELLERS[1º ETAPA],Tabla186[[#This Row],[1º ETAPA]],REFUELLERS[V 1°]) -> 0 | E21: =IF(D21=0,"0",(IFERROR(LOOKUP(B21,Costos!$B$5:$B$100,Costos!$C$5:$C$100),0)))*Tabla186[[#This Row],[PARA CAMB]] -> 0 | F21: =Tabla186[[#This Row],[DÓLAR]]*$F$5 -> 0 | H21: =H20+1 -> 8 | I21: SS436FB-5 | J21: =SUMIF(REFUELLERS[2º ETAPA],Tabla1869[[#This Row],[2º ETAPA]],REFUELLERS[[CANT ]]) -> 8 | K21: =SUMIF(REFUELLERS[2º ETAPA],Tabla1869[[#This Row],[2º ETAPA]],REFUELLERS[V 2°]) -> 5 | L21: =IF(K21=0,"0",(IFERROR(LOOKUP(I21,Costos!$B$5:$B$100,Costos!$C$5:$C$100),0)))*Tabla1869[[#This Row],[PARA CAMB]] -> 1280.5 | M21: =Tabla1869[[#This Row],[DÓLAR]]*$F$5 -> 4729206.6
A22: =A21+1 -> 9 | B22: FG-0-512-2 | C22: =SUMIF(REFUELLERS[1º ETAPA],Tabla186[[#This Row],[1º ETAPA]],REFUELLERS[CANT]) -> 2 | D22: =SUMIF(REFUELLERS[1º ETAPA],Tabla186[[#This Row],[1º ETAPA]],REFUELLERS[V 1°]) -> 2 | E22: =IF(D22=0,"0",(IFERROR(LOOKUP(B22,Costos!$B$5:$B$100,Costos!$C$5:$C$100),0)))*Tabla186[[#This Row],[PARA CAMB]] -> 311.5 | F22: =Tabla186[[#This Row],[DÓLAR]]*$F$5 -> 1150447.4 | H22: =H21+1 -> 9 | I22: SS622FB-5 | J22: =SUMIF(REFUELLERS[2º ETAPA],Tabla1869[[#This Row],[2º ETAPA]],REFUELLERS[[CANT ]]) -> 2 | K22: =SUMIF(REFUELLERS[2º ETAPA],Tabla1869[[#This Row],[2º ETAPA]],REFUELLERS[V 2°]) -> 1 | L22: =IF(K22=0,"0",(IFERROR(LOOKUP(I22,Costos!$B$5:$B$100,Costos!$C$5:$C$100),0)))*Tabla1869[[#This Row],[PARA CAMB]] -> 256.1 | M22: =Tabla1869[[#This Row],[DÓLAR]]*$F$5 -> 945841.33
A23: =A22+1 -> 10 | B23: FG-230-7 | C23: =SUMIF(REFUELLERS[1º ETAPA],Tabla186[[#This Row],[1º ETAPA]],REFUELLERS[CANT]) -> 27 | D23: =SUMIF(REFUELLERS[1º ETAPA],Tabla186[[#This Row],[1º ETAPA]],REFUELLERS[V 1°]) -> 27 | E23: =IF(D23=0,"0",(IFERROR(LOOKUP(B23,Costos!$B$5:$B$100,Costos!$C$5:$C$100),0)))*Tabla186[[#This Row],[PARA CAMB]] -> 1829.79 | F23: =Tabla186[[#This Row],[DÓLAR]]*$F$5 -> 6757871.9 | H23: =H22+1 -> 10 | I23: SS622FF-5 | J23: =SUMIF(REFUELLERS[2º ETAPA],Tabla1869[[#This Row],[2º ETAPA]],REFUELLERS[[CANT ]]) -> 1 | K23: =SUMIF(REFUELLERS[2º ETAPA],Tabla1869[[#This Row],[2º ETAPA]],REFUELLERS[V 2°]) -> 0 | L23: =IF(K23=0,"0",(IFERROR(LOOKUP(I23,Costos!$B$5:$B$100,Costos!$C$5:$C$100),0)))*Tabla1869[[#This Row],[PARA CAMB]] -> 0 | M23: =Tabla1869[[#This Row],[DÓLAR]]*$F$5 -> 0
A24: =A23+1 -> 11 | B24: FG-O-609-2 | C24: =SUMIF(REFUELLERS[1º ETAPA],Tabla186[[#This Row],[1º ETAPA]],REFUELLERS[CANT]) -> 1 | D24: =SUMIF(REFUELLERS[1º ETAPA],Tabla186[[#This Row],[1º ETAPA]],REFUELLERS[V 1°]) -> 0 | E24: =IF(D24=0,"0",(IFERROR(LOOKUP(B24,Costos!$B$5:$B$100,Costos!$C$5:$C$100),0)))*Tabla186[[#This Row],[PARA CAMB]] -> 0 | F24: =Tabla186[[#This Row],[DÓLAR]]*$F$5 -> 0 | H24: =H23+1 -> 11 | I24: SS630FE-5 | J24: =SUMIF(REFUELLERS[2º ETAPA],Tabla1869[[#This Row],[2º ETAPA]],REFUELLERS[[CANT ]]) -> 1 | K24: =SUMIF(REFUELLERS[2º ETAPA],Tabla1869[[#This Row],[2º ETAPA]],REFUELLERS[V 2°]) -> 1 | L24: =IF(K24=0,"0",(IFERROR(LOOKUP(I24,Costos!$B$5:$B$100,Costos!$C$5:$C$100),0)))*Tabla1869[[#This Row],[PARA CAMB]] -> 256.1 | M24: =Tabla1869[[#This Row],[DÓLAR]]*$F$5 -> 945841.33
A25: =A24+1 -> 12 | B25: I-622C5TB | C25: =SUMIF(REFUELLERS[1º ETAPA],Tabla186[[#This Row],[1º ETAPA]],REFUELLERS[CANT]) -> 4 | D25: =SUMIF(REFUELLERS[1º ETAPA],Tabla186[[#This Row],[1º ETAPA]],REFUELLERS[V 1°]) -> 0 | E25: =IF(D25=0,"0",(IFERROR(LOOKUP(B25,Costos!$B$5:$B$100,Costos!$C$5:$C$100),0)))*Tabla186[[#This Row],[PARA CAMB]] -> 0 | F25: =Tabla186[[#This Row],[DÓLAR]]*$F$5 -> 0
A26: =A25+1 -> 13 | B26: I-628C5TB | C26: =SUMIF(REFUELLERS[1º ETAPA],Tabla186[[#This Row],[1º ETAPA]],REFUELLERS[CANT]) -> 3 | D26: =SUMIF(REFUELLERS[1º ETAPA],Tabla186[[#This Row],[1º ETAPA]],REFUELLERS[V 1°]) -> 0 | E26: =IF(D26=0,"0",(IFERROR(LOOKUP(B26,Costos!$B$5:$B$100,Costos!$C$5:$C$100),0)))*Tabla186[[#This Row],[PARA CAMB]] -> 0 | F26: =Tabla186[[#This Row],[DÓLAR]]*$F$5 -> 0
A27: =A26+1 -> 14 | B27: I-63383TB | C27: =SUMIF(REFUELLERS[1º ETAPA],Tabla186[[#This Row],[1º ETAPA]],REFUELLERS[CANT]) -> 3 | D27: =SUMIF(REFUELLERS[1º ETAPA],Tabla186[[#This Row],[1º ETAPA]],REFUELLERS[V 1°]) -> 0 | E27: =IF(D27=0,"0",(IFERROR(LOOKUP(B27,Costos!$B$5:$B$100,Costos!$C$5:$C$100),0)))*Tabla186[[#This Row],[PARA CAMB]] -> 0 | F27: =Tabla186[[#This Row],[DÓLAR]]*$F$5 -> 0
A28: =A27+1 -> 15 | B28: I-633C5TB | C28: =SUMIF(REFUELLERS[1º ETAPA],Tabla186[[#This Row],[1º ETAPA]],REFUELLERS[CANT]) -> 8 | D28: =SUMIF(REFUELLERS[1º ETAPA],Tabla186[[#This Row],[1º ETAPA]],REFUELLERS[V 1°]) -> 3 | E28: =IF(D28=0,"0",(IFERROR(LOOKUP(B28,Costos!$B$5:$B$100,Costos!$C$5:$C$100),0)))*Tabla186[[#This Row],[PARA CAMB]] -> 768.3 | F28: =Tabla186[[#This Row],[DÓLAR]]*$F$5 -> 2837524
H30: =H7 -> REMPLAZO ELEMENTOS | K30: =D35+K35 -> 48 | L30: =E35+L35 -> 10225.91 | M30: =F35+M35 -> 37766842
H31: =H8 -> IMPOR Y NACIONALIZA | K31: =K8 -> 0.25 | L31: =L30*K31 -> 2556.4775 | M31: =L31*F5 -> 9441710.5
H32: TOTAL REFUELLERS | L32: =SUM(L30:L31) -> 12782.388 | M32: =SUM(M30:M31) -> 47208553
A34: PLANTAS | H34: PLANTAS
A35: TOTALES | C35: =SUBTOTAL(109,Tabla18610[CANT ISTA]) -> 78 | D35: =SUBTOTAL(109,Tabla18610[PARA CAMB]) -> 32 | E35: =SUBTOTAL(109,E37:E49) -> 6128.31 | F35: =SUBTOTAL(109,F37:F49) -> 22633381 | H35: TOTALES | J35: =SUM(Tabla186913[CANT ISTA]) -> 36 | K35: =SUM(Tabla186913[PARA CAMB]) -> 16 | L35: =SUBTOTAL(109,L37:L51) -> 4097.6 | M35: =SUBTOTAL(109,M37:M51) -> 15133461
A36: # | B36: 1º ETAPA | C36: CANT ISTA | D36: PARA CAMB | E36: DÓLAR | F36: PESOS | H36: # | I36: 2º ETAPA | J36: CANT ISTA | K36: PARA CAMB | L36: DÓLAR | M36: PESOS
A37: 1 | B37: ACO 51201L | C37: =SUMIF(PLANTAS[1º ETAPA],Tabla18610[[#This Row],[1º ETAPA]],PLANTAS[CANT]) -> 8 | D37: =SUMIF(PLANTAS[1º ETAPA],Tabla18610[[#This Row],[1º ETAPA]],PLANTAS[V 1°]) -> 4 | E37: =IF(D37=0,"0",(IFERROR(LOOKUP(B37,Costos!$B$5:$B$100,Costos!$C$5:$C$100),0)))*Tabla18610[[#This Row],[PARA CAMB]] -> 788 | F37: =Tabla18610[[#This Row],[DÓLAR]]*$F$5 -> 2910281 | H37: 1 | I37: SO-609C | J37: =SUMIF(PLANTAS[2º ETAPA],Tabla186913[[#This Row],[2º ETAPA]],PLANTAS[[CANT ]]) -> 1 | K37: =SUMIF(PLANTAS[2º ETAPA],Tabla186913[[#This Row],[2º ETAPA]],PLANTAS[V 2°]) -> 1 | L37: =IF(K37=0,"0",(IFERROR(LOOKUP(I37,Costos!$B$5:$B$100,Costos!$C$5:$C$100),0)))*Tabla186913[[#This Row],[PARA CAMB]] -> 256.1 | M37: =Tabla186913[[#This Row],[DÓLAR]]*$F$5 -> 945841.33
A38: =A37+1 -> 2 | B38: ACO 52401R | C38: =SUMIF(PLANTAS[1º ETAPA],Tabla18610[[#This Row],[1º ETAPA]],PLANTAS[CANT]) -> 1 | D38: =SUMIF(PLANTAS[1º ETAPA],Tabla18610[[#This Row],[1º ETAPA]],PLANTAS[V 1°]) -> 1 | E38: =IF(D38=0,"0",(IFERROR(LOOKUP(B38,Costos!$B$5:$B$100,Costos!$C$5:$C$100),0)))*Tabla18610[[#This Row],[PARA CAMB]] -> 256.55 | F38: =Tabla18610[[#This Row],[DÓLAR]]*$F$5 -> 947503.29 | H38: =H37+1 -> 2 | I38: SO-609V5 | J38: =SUMIF(PLANTAS[2º ETAPA],Tabla186913[[#This Row],[2º ETAPA]],PLANTAS[[CANT ]]) -> 2 | K38: =SUMIF(PLANTAS[2º ETAPA],Tabla186913[[#This Row],[2º ETAPA]],PLANTAS[V 2°]) -> 2 | L38: =IF(K38=0,"0",(IFERROR(LOOKUP(I38,Costos!$B$5:$B$100,Costos!$C$5:$C$100),0)))*Tabla186913[[#This Row],[PARA CAMB]] -> 512.2 | M38: =Tabla186913[[#This Row],[DÓLAR]]*$F$5 -> 1891682.7
A39: =A38+1 -> 3 | B39: CAA14-5SB | C39: =SUMIF(PLANTAS[1º ETAPA],Tabla18610[[#This Row],[1º ETAPA]],PLANTAS[CANT]) -> 6 | D39: =SUMIF(PLANTAS[1º ETAPA],Tabla18610[[#This Row],[1º ETAPA]],PLANTAS[V 1°]) -> 0 | E39: =IF(D39=0,"0",(IFERROR(LOOKUP(B39,Costos!$B$5:$B$100,Costos!$C$5:$C$100),0)))*Tabla18610[[#This Row],[PARA CAMB]] -> 0 | F39: =Tabla18610[[#This Row],[DÓLAR]]*$F$5 -> 0 | H39: =H38+1 -> 3 | I39: SO-614FB5 | J39: =SUMIF(PLANTAS[2º ETAPA],Tabla186913[[#This Row],[2º ETAPA]],PLANTAS[[CANT ]]) -> 1 | K39: =SUMIF(PLANTAS[2º ETAPA],Tabla186913[[#This Row],[2º ETAPA]],PLANTAS[V 2°]) -> 0 | L39: =IF(K39=0,"0",(IFERROR(LOOKUP(I39,Costos!$B$5:$B$100,Costos!$C$5:$C$100),0)))*Tabla186913[[#This Row],[PARA CAMB]] -> 0 | M39: =Tabla186913[[#This Row],[DÓLAR]]*$F$5 -> 0
A40: =A39+1 -> 4 | B40: CAA22-5SB | C40: =SUMIF(PLANTAS[1º ETAPA],Tabla18610[[#This Row],[1º ETAPA]],PLANTAS[CANT]) -> 1 | D40: =SUMIF(PLANTAS[1º ETAPA],Tabla18610[[#This Row],[1º ETAPA]],PLANTAS[V 1°]) -> 1 | E40: =IF(D40=0,"0",(IFERROR(LOOKUP(B40,Costos!$B$5:$B$100,Costos!$C$5:$C$100),0)))*Tabla18610[[#This Row],[PARA CAMB]] -> 100.92 | F40: =Tabla18610[[#This Row],[DÓLAR]]*$F$5 -> 372722.79 | H40: =H39+1 -> 4 | I40: SO-623VA5 | J40: =SUMIF(PLANTAS[2º ETAPA],Tabla186913[[#This Row],[2º ETAPA]],PLANTAS[[CANT ]]) -> 1 | K40: =SUMIF(PLANTAS[2º ETAPA],Tabla186913[[#This Row],[2º ETAPA]],PLANTAS[V 2°]) -> 0 | L40: =IF(K40=0,"0",(IFERROR(LOOKUP(I40,Costos!$B$5:$B$100,Costos!$C$5:$C$100),0)))*Tabla186913[[#This Row],[PARA CAMB]] -> 0 | M40: =Tabla186913[[#This Row],[DÓLAR]]*$F$5 -> 0
A41: =A40+1 -> 5 | B41: CAA28-5SB | C41: =SUMIF(PLANTAS[1º ETAPA],Tabla18610[[#This Row],[1º ETAPA]],PLANTAS[CANT]) -> 37 | D41: =SUMIF(PLANTAS[1º ETAPA],Tabla18610[[#This Row],[1º ETAPA]],PLANTAS[V 1°]) -> 14 | E41: =IF(D41=0,"0",(IFERROR(LOOKUP(B41,Costos!$B$5:$B$100,Costos!$C$5:$C$100),0)))*Tabla18610[[#This Row],[PARA CAMB]] -> 2836.26 | F41: =Tabla18610[[#This Row],[DÓLAR]]*$F$5 -> 10475017 | H41: =H40+1 -> 5 | I41: SO-629C | J41: =SUMIF(PLANTAS[2º ETAPA],Tabla186913[[#This Row],[2º ETAPA]],PLANTAS[[CANT ]]) -> 3 | K41: =SUMIF(PLANTAS[2º ETAPA],Tabla186913[[#This Row],[2º ETAPA]],PLANTAS[V 2°]) -> 2 | L41: =IF(K41=0,"0",(IFERROR(LOOKUP(I41,Costos!$B$5:$B$100,Costos!$C$5:$C$100),0)))*Tabla186913[[#This Row],[PARA CAMB]] -> 512.2 | M41: =Tabla186913[[#This Row],[DÓLAR]]*$F$5 -> 1891682.7
A42: =A41+1 -> 6 | B42: FG-O-512-2 | C42: =SUMIF(PLANTAS[1º ETAPA],Tabla18610[[#This Row],[1º ETAPA]],PLANTAS[CANT]) -> 1 | D42: =SUMIF(PLANTAS[1º ETAPA],Tabla18610[[#This Row],[1º ETAPA]],PLANTAS[V 1°]) -> 0 | E42: =IF(D42=0,"0",(IFERROR(LOOKUP(B42,Costos!$B$5:$B$100,Costos!$C$5:$C$100),0)))*Tabla18610[[#This Row],[PARA CAMB]] -> 0 | F42: =Tabla18610[[#This Row],[DÓLAR]]*$F$5 -> 0 | H42: =H41+1 -> 6 | I42: SO-630PV5 | J42: =SUMIF(PLANTAS[2º ETAPA],Tabla186913[[#This Row],[2º ETAPA]],PLANTAS[[CANT ]]) -> 1 | K42: =SUMIF(PLANTAS[2º ETAPA],Tabla186913[[#This Row],[2º ETAPA]],PLANTAS[V 2°]) -> 1 | L42: =IF(K42=0,"0",(IFERROR(LOOKUP(I42,Costos!$B$5:$B$100,Costos!$C$5:$C$100),0)))*Tabla186913[[#This Row],[PARA CAMB]] -> 256.1 | M42: =Tabla186913[[#This Row],[DÓLAR]]*$F$5 -> 945841.33
A43: =A42+1 -> 7 | B43: FG-O-609-2 | C43: =SUMIF(PLANTAS[1º ETAPA],Tabla18610[[#This Row],[1º ETAPA]],PLANTAS[CANT]) -> 2 | D43: =SUMIF(PLANTAS[1º ETAPA],Tabla18610[[#This Row],[1º ETAPA]],PLANTAS[V 1°]) -> 0 | E43: =IF(D43=0,"0",(IFERROR(LOOKUP(B43,Costos!$B$5:$B$100,Costos!$C$5:$C$100),0)))*Tabla18610[[#This Row],[PARA CAMB]] -> 0 | F43: =Tabla18610[[#This Row],[DÓLAR]]*$F$5 -> 0 | H43: =H42+1 -> 7 | I43: SS609F-5 | J43: =SUMIF(PLANTAS[2º ETAPA],Tabla186913[[#This Row],[2º ETAPA]],PLANTAS[[CANT ]]) -> 3 | K43: =SUMIF(PLANTAS[2º ETAPA],Tabla186913[[#This Row],[2º ETAPA]],PLANTAS[V 2°]) -> 0 | L43: =IF(K43=0,"0",(IFERROR(LOOKUP(I43,Costos!$B$5:$B$100,Costos!$C$5:$C$100),0)))*Tabla186913[[#This Row],[PARA CAMB]] -> 0 | M43: =Tabla186913[[#This Row],[DÓLAR]]*$F$5 -> 0
A44: =A43+1 -> 8 | B44: FO614-PL5 | C44: =SUMIF(PLANTAS[1º ETAPA],Tabla18610[[#This Row],[1º ETAPA]],PLANTAS[CANT]) -> 6 | D44: =SUMIF(PLANTAS[1º ETAPA],Tabla18610[[#This Row],[1º ETAPA]],PLANTAS[V 1°]) -> 0 | E44: =IF(D44=0,"0",(IFERROR(LOOKUP(B44,Costos!$B$5:$B$100,Costos!$C$5:$C$100),0)))*Tabla18610[[#This Row],[PARA CAMB]] -> 0 | F44: =Tabla18610[[#This Row],[DÓLAR]]*$F$5 -> 0 | H44: =H43+1 -> 8 | I44: SS609FB-5 | J44: =SUMIF(PLANTAS[2º ETAPA],Tabla186913[[#This Row],[2º ETAPA]],PLANTAS[[CANT ]]) -> 3 | K44: =SUMIF(PLANTAS[2º ETAPA],Tabla186913[[#This Row],[2º ETAPA]],PLANTAS[V 2°]) -> 0 | L44: =IF(K44=0,"0",(IFERROR(LOOKUP(I44,Costos!$B$5:$B$100,Costos!$C$5:$C$100),0)))*Tabla186913[[#This Row],[PARA CAMB]] -> 0 | M44: =Tabla186913[[#This Row],[DÓLAR]]*$F$5 -> 0
A45: =A44+1 -> 9 | B45: I-61487TB | C45: =SUMIF(PLANTAS[1º ETAPA],Tabla18610[[#This Row],[1º ETAPA]],PLANTAS[CANT]) -> 2 | D45: =SUMIF(PLANTAS[1º ETAPA],Tabla18610[[#This Row],[1º ETAPA]],PLANTAS[V 1°]) -> 2 | E45: =IF(D45=0,"0",(IFERROR(LOOKUP(B45,Costos!$B$5:$B$100,Costos!$C$5:$C$100),0)))*Tabla18610[[#This Row],[PARA CAMB]] -> 300.46 | F45: =Tabla18610[[#This Row],[DÓLAR]]*$F$5 -> 1109673.9 | H45: =H44+1 -> 9 | I45: SS609FE-5 | J45: =SUMIF(PLANTAS[2º ETAPA],Tabla186913[[#This Row],[2º ETAPA]],PLANTAS[[CANT ]]) -> 10 | K45: =SUMIF(PLANTAS[2º ETAPA],Tabla186913[[#This Row],[2º ETAPA]],PLANTAS[V 2°]) -> 3 | L45: =IF(K45=0,"0",(IFERROR(LOOKUP(I45,Costos!$B$5:$B$100,Costos!$C$5:$C$100),0)))*Tabla186913[[#This Row],[PARA CAMB]] -> 768.3 | M45: =Tabla186913[[#This Row],[DÓLAR]]*$F$5 -> 2837524
A46: =A45+1 -> 10 | B46: I-62287TB | C46: =SUMIF(PLANTAS[1º ETAPA],Tabla18610[[#This Row],[1º ETAPA]],PLANTAS[CANT]) -> 4 | D46: =SUMIF(PLANTAS[1º ETAPA],Tabla18610[[#This Row],[1º ETAPA]],PLANTAS[V 1°]) -> 4 | E46: =IF(D46=0,"0",(IFERROR(LOOKUP(B46,Costos!$B$5:$B$100,Costos!$C$5:$C$100),0)))*Tabla18610[[#This Row],[PARA CAMB]] -> 722.6 | F46: =Tabla18610[[#This Row],[DÓLAR]]*$F$5 -> 2668742.5 | H46: =H45+1 -> 10 | I46: SS609FF-5 | J46: =SUMIF(PLANTAS[2º ETAPA],Tabla186913[[#This Row],[2º ETAPA]],PLANTAS[[CANT ]]) -> 2 | K46: =SUMIF(PLANTAS[2º ETAPA],Tabla186913[[#This Row],[2º ETAPA]],PLANTAS[V 2°]) -> 2 | L46: =IF(K46=0,"0",(IFERROR(LOOKUP(I46,Costos!$B$5:$B$100,Costos!$C$5:$C$100),0)))*Tabla186913[[#This Row],[PARA CAMB]] -> 512.2 | M46: =Tabla186913[[#This Row],[DÓLAR]]*$F$5 -> 1891682.7
A47: =A46+1 -> 11 | B47: I-622C5TB | C47: =SUMIF(PLANTAS[1º ETAPA],Tabla18610[[#This Row],[1º ETAPA]],PLANTAS[CANT]) -> 2 | D47: =SUMIF(PLANTAS[1º ETAPA],Tabla18610[[#This Row],[1º ETAPA]],PLANTAS[V 1°]) -> 0 | E47: =IF(D47=0,"0",(IFERROR(LOOKUP(B47,Costos!$B$5:$B$100,Costos!$C$5:$C$100),0)))*Tabla18610[[#This Row],[PARA CAMB]] -> 0 | F47: =Tabla18610[[#This Row],[DÓLAR]]*$F$5 -> 0 | H47: =H46+1 -> 11 | I47: SS614FB-5 | J47: =SUMIF(PLANTAS[2º ETAPA],Tabla186913[[#This Row],[2º ETAPA]],PLANTAS[[CANT ]]) -> 1 | K47: =SUMIF(PLANTAS[2º ETAPA],Tabla186913[[#This Row],[2º ETAPA]],PLANTAS[V 2°]) -> 0 | L47: =IF(K47=0,"0",(IFERROR(LOOKUP(I47,Costos!$B$5:$B$100,Costos!$C$5:$C$100),0)))*Tabla186913[[#This Row],[PARA CAMB]] -> 0 | M47: =Tabla186913[[#This Row],[DÓLAR]]*$F$5 -> 0
A48: =A47+1 -> 12 | B48: I-62887TB | C48: =SUMIF(PLANTAS[1º ETAPA],Tabla18610[[#This Row],[1º ETAPA]],PLANTAS[CANT]) -> 4 | D48: =SUMIF(PLANTAS[1º ETAPA],Tabla18610[[#This Row],[1º ETAPA]],PLANTAS[V 1°]) -> 2 | E48: =IF(D48=0,"0",(IFERROR(LOOKUP(B48,Costos!$B$5:$B$100,Costos!$C$5:$C$100),0)))*Tabla18610[[#This Row],[PARA CAMB]] -> 319.72 | F48: =Tabla18610[[#This Row],[DÓLAR]]*$F$5 -> 1180805.9 | H48: =H47+1 -> 12 | I48: SS622FB-5 | J48: =SUMIF(PLANTAS[2º ETAPA],Tabla186913[[#This Row],[2º ETAPA]],PLANTAS[[CANT ]]) -> 2 | K48: =SUMIF(PLANTAS[2º ETAPA],Tabla186913[[#This Row],[2º ETAPA]],PLANTAS[V 2°]) -> 2 | L48: =IF(K48=0,"0",(IFERROR(LOOKUP(I48,Costos!$B$5:$B$100,Costos!$C$5:$C$100),0)))*Tabla186913[[#This Row],[PARA CAMB]] -> 512.2 | M48: =Tabla186913[[#This Row],[DÓLAR]]*$F$5 -> 1891682.7
A49: =A48+1 -> 13 | B49: I-628C5TB | C49: =SUMIF(PLANTAS[1º ETAPA],Tabla18610[[#This Row],[1º ETAPA]],PLANTAS[CANT]) -> 4 | D49: =SUMIF(PLANTAS[1º ETAPA],Tabla18610[[#This Row],[1º ETAPA]],PLANTAS[V 1°]) -> 4 | E49: =IF(D49=0,"0",(IFERROR(LOOKUP(B49,Costos!$B$5:$B$100,Costos!$C$5:$C$100),0)))*Tabla18610[[#This Row],[PARA CAMB]] -> 803.8 | F49: =Tabla18610[[#This Row],[DÓLAR]]*$F$5 -> 2968634.3 | H49: =H48+1 -> 13 | I49: SS629FD-5 | J49: =SUMIF(PLANTAS[2º ETAPA],Tabla186913[[#This Row],[2º ETAPA]],PLANTAS[[CANT ]]) -> 1 | K49: =SUMIF(PLANTAS[2º ETAPA],Tabla186913[[#This Row],[2º ETAPA]],PLANTAS[V 2°]) -> 1 | L49: =IF(K49=0,"0",(IFERROR(LOOKUP(I49,Costos!$B$5:$B$100,Costos!$C$5:$C$100),0)))*Tabla186913[[#This Row],[PARA CAMB]] -> 256.1 | M49: =Tabla186913[[#This Row],[DÓLAR]]*$F$5 -> 945841.33
H50: =H49+1 -> 14 | I50: SS630FE-5 | J50: =SUMIF(PLANTAS[2º ETAPA],Tabla186913[[#This Row],[2º ETAPA]],PLANTAS[[CANT ]]) -> 4 | K50: =SUMIF(PLANTAS[2º ETAPA],Tabla186913[[#This Row],[2º ETAPA]],PLANTAS[V 2°]) -> 2 | L50: =IF(K50=0,"0",(IFERROR(LOOKUP(I50,Costos!$B$5:$B$100,Costos!$C$5:$C$100),0)))*Tabla186913[[#This Row],[PARA CAMB]] -> 512.2 | M50: =Tabla186913[[#This Row],[DÓLAR]]*$F$5 -> 1891682.7
H51: =H50+1 -> 15 | I51: SS929FD-5 | J51: =SUMIF(PLANTAS[2º ETAPA],Tabla186913[[#This Row],[2º ETAPA]],PLANTAS[[CANT ]]) -> 1 | K51: =SUMIF(PLANTAS[2º ETAPA],Tabla186913[[#This Row],[2º ETAPA]],PLANTAS[V 2°]) -> 0 | L51: =IF(K51=0,"0",(IFERROR(LOOKUP(I51,Costos!$B$5:$B$100,Costos!$C$5:$C$100),0)))*Tabla186913[[#This Row],[PARA CAMB]] -> 0 | M51: =Tabla186913[[#This Row],[DÓLAR]]*$F$5 -> 0
H53: =H7 -> REMPLAZO ELEMENTOS | K53: =D58+K58 -> 119 | L53: =E58+L58 -> 22404.3 | M53: =F58+M58 -> 82744681
H54: =H8 -> IMPOR Y NACIONALIZA | K54: =K8 -> 0.25 | L54: =L53*K54 -> 5601.075 | M54: =L54*F5 -> 20686170
H55: TOTAL REFUELLERS | L55: =SUM(L53:L54) -> 28005.375 | M55: =SUM(M53:M54) -> 1.0343085e+08
A57: REFUELLERS Y PLANTAS | H57: REFUELLERS Y PLANTAS
A58: TOTALES | C58: =SUBTOTAL(109,Tabla1861014[CANT ISTA]) -> 184 | D58: =SUBTOTAL(109,Tabla1861014[PARA CAMB]) -> 93 | E58: =SUBTOTAL(109,E60:E81) -> 15745.7 | F58: =SUBTOTAL(109,F60:F81) -> 58152807 | H58: TOTALES | J58: =SUM(Tabla18691315[CANT ISTA]) -> 58 | K58: =SUM(Tabla18691315[PARA CAMB]) -> 26 | L58: =SUBTOTAL(109,L60:L83) -> 6658.6 | M58: =SUBTOTAL(109,M60:M83) -> 24591874
A59: # | B59: 1º ETAPA | C59: CANT ISTA | D59: PARA CAMB | E59: DÓLAR | F59: PESOS | H59: # | I59: 2º ETAPA | J59: CANT ISTA | K59: PARA CAMB | L59: DÓLAR | M59: PESOS
A60: 1 | B60: ACO 51201L | C60: =SUMIF($B$14:$B$49,Tabla1861014[[#This Row],[1º ETAPA]],$C$14:$C$49) -> 10 | D60: =SUMIF($B$14:$B$49,Tabla1861014[[#This Row],[1º ETAPA]],$D$14:$D$49) -> 4 | E60: =IF(D60=0,"0",(IFERROR(LOOKUP(B60,Costos!$B$5:$B$100,Costos!$C$5:$C$100),0)))*Tabla1861014[[#This Row],[PARA CAMB]] -> 788 | F60: =Tabla1861014[[#This Row],[DÓLAR]]*$F$5 -> 2910281 | H60: 1 | I60: SM-436FE-5 | J60: =SUMIF($I$14:$I$51,Tabla18691315[[#This Row],[2º ETAPA]],$J$14:$J$51) -> 1 | K60: =SUMIF($I$14:$I$51,Tabla18691315[[#This Row],[2º ETAPA]],$K$14:$K$51) -> 1 | L60: =IF(K60=0,"0",(IFERROR(LOOKUP(Tabla18691315[[#This Row],[2º ETAPA]],Costos!$B$5:$B$100,Costos!$C$5:$C$100),0)))*Tabla18691315[[#This Row],[PARA CAMB]] -> 256.1 | M60: =Tabla18691315[[#This Row],[DÓLAR]]*$F$5 -> 945841.33
A61: =A60+1 -> 2 | B61: ACO 51201P | C61: =SUMIF($B$14:$B$49,Tabla1861014[[#This Row],[1º ETAPA]],$C$14:$C$49) -> 2 | D61: =SUMIF($B$14:$B$49,Tabla1861014[[#This Row],[1º ETAPA]],$D$14:$D$49) -> 1 | E61: =IF(D61=0,"0",(IFERROR(LOOKUP(B61,Costos!$B$5:$B$100,Costos!$C$5:$C$100),0)))*Tabla1861014[[#This Row],[PARA CAMB]] -> 314 | F61: =Tabla1861014[[#This Row],[DÓLAR]]*$F$5 -> 1159680.5 | H61: =H60+1 -> 2 | I61: SO-324VA5 | J61: =SUMIF($I$14:$I$51,Tabla18691315[[#This Row],[2º ETAPA]],$J$14:$J$51) -> 1 | K61: =SUMIF($I$14:$I$51,Tabla18691315[[#This Row],[2º ETAPA]],$K$14:$K$51) -> 0 | L61: =IF(K61=0,"0",(IFERROR(LOOKUP(Tabla18691315[[#This Row],[2º ETAPA]],Costos!$B$5:$B$100,Costos!$C$5:$C$100),0)))*Tabla18691315[[#This Row],[PARA CAMB]] -> 0 | M61: =Tabla18691315[[#This Row],[DÓLAR]]*$F$5 -> 0
A62: =A61+1 -> 3 | B62: ACO 51201R | C62: =SUMIF($B$14:$B$49,Tabla1861014[[#This Row],[1º ETAPA]],$C$14:$C$49) -> 4 | D62: =SUMIF($B$14:$B$49,Tabla1861014[[#This Row],[1º ETAPA]],$D$14:$D$49) -> 4 | E62: =IF(D62=0,"0",(IFERROR(LOOKUP(B62,Costos!$B$5:$B$100,Costos!$C$5:$C$100),0)))*Tabla1861014[[#This Row],[PARA CAMB]] -> 1256 | F62: =Tabla1861014[[#This Row],[DÓLAR]]*$F$5 -> 4638722 | H62: =H61+1 -> 3 | I62: SO-436V | J62: =SUMIF($I$14:$I$51,Tabla18691315[[#This Row],[2º ETAPA]],$J$14:$J$51) -> 3 | K62: =SUMIF($I$14:$I$51,Tabla18691315[[#This Row],[2º ETAPA]],$K$14:$K$51) -> 1 | L62: =IF(K62=0,"0",(IFERROR(LOOKUP(Tabla18691315[[#This Row],[2º ETAPA]],Costos!$B$5:$B$100,Costos!$C$5:$C$100),0)))*Tabla18691315[[#This Row],[PARA CAMB]] -> 256.1 | M62: =Tabla18691315[[#This Row],[DÓLAR]]*$F$5 -> 945841.33
A63: =A62+1 -> 4 | B63: ACO 52401R | C63: =SUMIF($B$14:$B$49,Tabla1861014[[#This Row],[1º ETAPA]],$C$14:$C$49) -> 1 | D63: =SUMIF($B$14:$B$49,Tabla1861014[[#This Row],[1º ETAPA]],$D$14:$D$49) -> 1 | E63: =IF(D63=0,"0",(IFERROR(LOOKUP(B63,Costos!$B$5:$B$100,Costos!$C$5:$C$100),0)))*Tabla1861014[[#This Row],[PARA CAMB]] -> 256.55 | F63: =Tabla1861014[[#This Row],[DÓLAR]]*$F$5 -> 947503.29 | H63: =H62+1 -> 4 | I63: SO-436V5 | J63: =SUMIF($I$14:$I$51,Tabla18691315[[#This Row],[2º ETAPA]],$J$14:$J$51) -> 2 | K63: =SUMIF($I$14:$I$51,Tabla18691315[[#This Row],[2º ETAPA]],$K$14:$K$51) -> 1 | L63: =IF(K63=0,"0",(IFERROR(LOOKUP(Tabla18691315[[#This Row],[2º ETAPA]],Costos!$B$5:$B$100,Costos!$C$5:$C$100),0)))*Tabla18691315[[#This Row],[PARA CAMB]] -> 256.1 | M63: =Tabla18691315[[#This Row],[DÓLAR]]*$F$5 -> 945841.33
A64: =A63+1 -> 5 | B64: CAA14-5SB | C64: =SUMIF($B$14:$B$49,Tabla1861014[[#This Row],[1º ETAPA]],$C$14:$C$49) -> 6 | D64: =SUMIF($B$14:$B$49,Tabla1861014[[#This Row],[1º ETAPA]],$D$14:$D$49) -> 0 | E64: =IF(D64=0,"0",(IFERROR(LOOKUP(B64,Costos!$B$5:$B$100,Costos!$C$5:$C$100),0)))*Tabla1861014[[#This Row],[PARA CAMB]] -> 0 | F64: =Tabla1861014[[#This Row],[DÓLAR]]*$F$5 -> 0 | H64: =H63+1 -> 5 | I64: SO-609C | J64: =SUMIF($I$14:$I$51,Tabla18691315[[#This Row],[2º ETAPA]],$J$14:$J$51) -> 1 | K64: =SUMIF($I$14:$I$51,Tabla18691315[[#This Row],[2º ETAPA]],$K$14:$K$51) -> 1 | L64: =IF(K64=0,"0",(IFERROR(LOOKUP(Tabla18691315[[#This Row],[2º ETAPA]],Costos!$B$5:$B$100,Costos!$C$5:$C$100),0)))*Tabla18691315[[#This Row],[PARA CAMB]] -> 256.1 | M64: =Tabla18691315[[#This Row],[DÓLAR]]*$F$5 -> 945841.33
A65: =A64+1 -> 6 | B65: CAA22-5SB | C65: =SUMIF($B$14:$B$49,Tabla1861014[[#This Row],[1º ETAPA]],$C$14:$C$49) -> 12 | D65: =SUMIF($B$14:$B$49,Tabla1861014[[#This Row],[1º ETAPA]],$D$14:$D$49) -> 5 | E65: =IF(D65=0,"0",(IFERROR(LOOKUP(B65,Costos!$B$5:$B$100,Costos!$C$5:$C$100),0)))*Tabla1861014[[#This Row],[PARA CAMB]] -> 504.6 | F65: =Tabla1861014[[#This Row],[DÓLAR]]*$F$5 -> 1863614 | H65: =H64+1 -> 6 | I65: SO-609V5 | J65: =SUMIF($I$14:$I$51,Tabla18691315[[#This Row],[2º ETAPA]],$J$14:$J$51) -> 2 | K65: =SUMIF($I$14:$I$51,Tabla18691315[[#This Row],[2º ETAPA]],$K$14:$K$51) -> 2 | L65: =IF(K65=0,"0",(IFERROR(LOOKUP(Tabla18691315[[#This Row],[2º ETAPA]],Costos!$B$5:$B$100,Costos!$C$5:$C$100),0)))*Tabla18691315[[#This Row],[PARA CAMB]] -> 512.2 | M65: =Tabla18691315[[#This Row],[DÓLAR]]*$F$5 -> 1891682.7
A66: =A65+1 -> 7 | B66: CAA28-5SB | C66: =SUMIF($B$14:$B$49,Tabla1861014[[#This Row],[1º ETAPA]],$C$14:$C$49) -> 39 | D66: =SUMIF($B$14:$B$49,Tabla1861014[[#This Row],[1º ETAPA]],$D$14:$D$49) -> 16 | E66: =IF(D66=0,"0",(IFERROR(LOOKUP(B66,Costos!$B$5:$B$100,Costos!$C$5:$C$100),0)))*Tabla1861014[[#This Row],[PARA CAMB]] -> 3241.44 | F66: =Tabla1861014[[#This Row],[DÓLAR]]*$F$5 -> 11971448 | H66: =H65+1 -> 7 | I66: SO-614FB5 | J66: =SUMIF($I$14:$I$51,Tabla18691315[[#This Row],[2º ETAPA]],$J$14:$J$51) -> 1 | K66: =SUMIF($I$14:$I$51,Tabla18691315[[#This Row],[2º ETAPA]],$K$14:$K$51) -> 0 | L66: =IF(K66=0,"0",(IFERROR(LOOKUP(Tabla18691315[[#This Row],[2º ETAPA]],Costos!$B$5:$B$100,Costos!$C$5:$C$100),0)))*Tabla18691315[[#This Row],[PARA CAMB]] -> 0 | M66: =Tabla18691315[[#This Row],[DÓLAR]]*$F$5 -> 0
A67: =A66+1 -> 8 | B67: CAA33-3SB | C67: =SUMIF($B$14:$B$49,Tabla1861014[[#This Row],[1º ETAPA]],$C$14:$C$49) -> 6 | D67: =SUMIF($B$14:$B$49,Tabla1861014[[#This Row],[1º ETAPA]],$D$14:$D$49) -> 6 | E67: =IF(D67=0,"0",(IFERROR(LOOKUP(B67,Costos!$B$5:$B$100,Costos!$C$5:$C$100),0)))*Tabla1861014[[#This Row],[PARA CAMB]] -> 1215.54 | F67: =Tabla1861014[[#This Row],[DÓLAR]]*$F$5 -> 4489293.1 | H67: =H66+1 -> 8 | I67: SO-623V5 | J67: =SUMIF($I$14:$I$51,Tabla18691315[[#This Row],[2º ETAPA]],$J$14:$J$51) -> 1 | K67: =SUMIF($I$14:$I$51,Tabla18691315[[#This Row],[2º ETAPA]],$K$14:$K$51) -> 0 | L67: =IF(K67=0,"0",(IFERROR(LOOKUP(Tabla18691315[[#This Row],[2º ETAPA]],Costos!$B$5:$B$100,Costos!$C$5:$C$100),0)))*Tabla18691315[[#This Row],[PARA CAMB]] -> 0 | M67: =Tabla18691315[[#This Row],[DÓLAR]]*$F$5 -> 0
A68: =A67+1 -> 9 | B68: CAA33-5SB | C68: =SUMIF($B$14:$B$49,Tabla1861014[[#This Row],[1º ETAPA]],$C$14:$C$49) -> 21 | D68: =SUMIF($B$14:$B$49,Tabla1861014[[#This Row],[1º ETAPA]],$D$14:$D$49) -> 12 | E68: =IF(D68=0,"0",(IFERROR(LOOKUP(B68,Costos!$B$5:$B$100,Costos!$C$5:$C$100),0)))*Tabla1861014[[#This Row],[PARA CAMB]] -> 3113.4 | F68: =Tabla1861014[[#This Row],[DÓLAR]]*$F$5 -> 11498565 | H68: =H67+1 -> 9 | I68: SO-623VA | J68: =SUMIF($I$14:$I$51,Tabla18691315[[#This Row],[2º ETAPA]],$J$14:$J$51) -> 1 | K68: =SUMIF($I$14:$I$51,Tabla18691315[[#This Row],[2º ETAPA]],$K$14:$K$51) -> 0 | L68: =IF(K68=0,"0",(IFERROR(LOOKUP(Tabla18691315[[#This Row],[2º ETAPA]],Costos!$B$5:$B$100,Costos!$C$5:$C$100),0)))*Tabla18691315[[#This Row],[PARA CAMB]] -> 0 | M68: =Tabla18691315[[#This Row],[DÓLAR]]*$F$5 -> 0
A69: =A68+1 -> 10 | B69: CDF-230P | C69: =SUMIF($B$14:$B$49,Tabla1861014[[#This Row],[1º ETAPA]],$C$14:$C$49) -> 10 | D69: =SUMIF($B$14:$B$49,Tabla1861014[[#This Row],[1º ETAPA]],$D$14:$D$49) -> 0 | E69: =IF(D69=0,"0",(IFERROR(LOOKUP(B69,Costos!$B$5:$B$100,Costos!$C$5:$C$100),0)))*Tabla1861014[[#This Row],[PARA CAMB]] -> 0 | F69: =Tabla1861014[[#This Row],[DÓLAR]]*$F$5 -> 0 | H69: =H68+1 -> 10 | I69: SO-623VA5 | J69: =SUMIF($I$14:$I$51,Tabla18691315[[#This Row],[2º ETAPA]],$J$14:$J$51) -> 1 | K69: =SUMIF($I$14:$I$51,Tabla18691315[[#This Row],[2º ETAPA]],$K$14:$K$51) -> 0 | L69: =IF(K69=0,"0",(IFERROR(LOOKUP(Tabla18691315[[#This Row],[2º ETAPA]],Costos!$B$5:$B$100,Costos!$C$5:$C$100),0)))*Tabla18691315[[#This Row],[PARA CAMB]] -> 0 | M69: =Tabla18691315[[#This Row],[DÓLAR]]*$F$5 -> 0
A70: =A69+1 -> 11 | B70: FG-0-512-2 | C70: =SUMIF($B$14:$B$49,Tabla1861014[[#This Row],[1º ETAPA]],$C$14:$C$49) -> 2 | D70: =SUMIF($B$14:$B$49,Tabla1861014[[#This Row],[1º ETAPA]],$D$14:$D$49) -> 2 | E70: =IF(D70=0,"0",(IFERROR(LOOKUP(B70,Costos!$B$5:$B$100,Costos!$C$5:$C$100),0)))*Tabla1861014[[#This Row],[PARA CAMB]] -> 311.5 | F70: =Tabla1861014[[#This Row],[DÓLAR]]*$F$5 -> 1150447.4 | H70: =H69+1 -> 11 | I70: SO-629C | J70: =SUMIF($I$14:$I$51,Tabla18691315[[#This Row],[2º ETAPA]],$J$14:$J$51) -> 3 | K70: =SUMIF($I$14:$I$51,Tabla18691315[[#This Row],[2º ETAPA]],$K$14:$K$51) -> 2 | L70: =IF(K70=0,"0",(IFERROR(LOOKUP(Tabla18691315[[#This Row],[2º ETAPA]],Costos!$B$5:$B$100,Costos!$C$5:$C$100),0)))*Tabla18691315[[#This Row],[PARA CAMB]] -> 512.2 | M70: =Tabla18691315[[#This Row],[DÓLAR]]*$F$5 -> 1891682.7
A71: =A70+1 -> 12 | B71: FG-230-7 | C71: =SUMIF($B$14:$B$49,Tabla1861014[[#This Row],[1º ETAPA]],$C$14:$C$49) -> 27 | D71: =SUMIF($B$14:$B$49,Tabla1861014[[#This Row],[1º ETAPA]],$D$14:$D$49) -> 27 | E71: =IF(D71=0,"0",(IFERROR(LOOKUP(B71,Costos!$B$5:$B$100,Costos!$C$5:$C$100),0)))*Tabla1861014[[#This Row],[PARA CAMB]] -> 1829.79 | F71: =Tabla1861014[[#This Row],[DÓLAR]]*$F$5 -> 6757871.9 | H71: =H70+1 -> 12 | I71: SO-630PV5 | J71: =SUMIF($I$14:$I$51,Tabla18691315[[#This Row],[2º ETAPA]],$J$14:$J$51) -> 1 | K71: =SUMIF($I$14:$I$51,Tabla18691315[[#This Row],[2º ETAPA]],$K$14:$K$51) -> 1 | L71: =IF(K71=0,"0",(IFERROR(LOOKUP(Tabla18691315[[#This Row],[2º ETAPA]],Costos!$B$5:$B$100,Costos!$C$5:$C$100),0)))*Tabla18691315[[#This Row],[PARA CAMB]] -> 256.1 | M71: =Tabla18691315[[#This Row],[DÓLAR]]*$F$5 -> 945841.33
A72: =A71+1 -> 13 | B72: FG-O-512-2 | C72: =SUMIF($B$14:$B$49,Tabla1861014[[#This Row],[1º ETAPA]],$C$14:$C$49) -> 1 | D72: =SUMIF($B$14:$B$49,Tabla1861014[[#This Row],[1º ETAPA]],$D$14:$D$49) -> 0 | E72: =IF(D72=0,"0",(IFERROR(LOOKUP(B72,Costos!$B$5:$B$100,Costos!$C$5:$C$100),0)))*Tabla1861014[[#This Row],[PARA CAMB]] -> 0 | F72: =Tabla1861014[[#This Row],[DÓLAR]]*$F$5 -> 0 | H72: =H71+1 -> 13 | I72: SS424FB-5 | J72: =SUMIF($I$14:$I$51,Tabla18691315[[#This Row],[2º ETAPA]],$J$14:$J$51) -> 1 | K72: =SUMIF($I$14:$I$51,Tabla18691315[[#This Row],[2º ETAPA]],$K$14:$K$51) -> 0 | L72: =IF(K72=0,"0",(IFERROR(LOOKUP(Tabla18691315[[#This Row],[2º ETAPA]],Costos!$B$5:$B$100,Costos!$C$5:$C$100),0)))*Tabla18691315[[#This Row],[PARA CAMB]] -> 0 | M72: =Tabla18691315[[#This Row],[DÓLAR]]*$F$5 -> 0
... A81: =A80+1 -> 22 | B81: I-633C5TB | C81: =SUMIF($B$14:$B$49,Tabla1861014[[#This Row],[1º ETAPA]],$C$14:$C$49) -> 8 | D81: =SUMIF($B$14:$B$49,Tabla1861014[[#This Row],[1º ETAPA]],$D$14:$D$49) -> 3 | E81: =IF(D81=0,"0",(IFERROR(LOOKUP(B81,Costos!$B$5:$B$100,Costos!$C$5:$C$100),0)))*Tabla1861014[[#This Row],[PARA CAMB]] -> 768.3 | F81: =Tabla1861014[[#This Row],[DÓLAR]]*$F$5 -> 2837524 | H81: =H80+1 -> 22 | I81: SS629FD-5 | J81: =SUMIF($I$14:$I$51,Tabla18691315[[#This Row],[2º ETAPA]],$J$14:$J$51) -> 1 | K81: =SUMIF($I$14:$I$51,Tabla18691315[[#This Row],[2º ETAPA]],$K$14:$K$51) -> 1 | L81: =IF(K81=0,"0",(IFERROR(LOOKUP(Tabla18691315[[#This Row],[2º ETAPA]],Costos!$B$5:$B$100,Costos!$C$5:$C$100),0)))*Tabla18691315[[#This Row],[PARA CAMB]] -> 256.1 | M81: =Tabla18691315[[#This Row],[DÓLAR]]*$F$5 -> 945841.33
H82: =H81+1 -> 23 | I82: SS630FE-5 | J82: =SUMIF($I$14:$I$51,Tabla18691315[[#This Row],[2º ETAPA]],$J$14:$J$51) -> 5 | K82: =SUMIF($I$14:$I$51,Tabla18691315[[#This Row],[2º ETAPA]],$K$14:$K$51) -> 3 | L82: =IF(K82=0,"0",(IFERROR(LOOKUP(Tabla18691315[[#This Row],[2º ETAPA]],Costos!$B$5:$B$100,Costos!$C$5:$C$100),0)))*Tabla18691315[[#This Row],[PARA CAMB]] -> 768.3 | M82: =Tabla18691315[[#This Row],[DÓLAR]]*$F$5 -> 2837524
H83: =H82+1 -> 24 | I83: SS929FD-5 | J83: =SUMIF($I$14:$I$51,Tabla18691315[[#This Row],[2º ETAPA]],$J$14:$J$51) -> 1 | K83: =SUMIF($I$14:$I$51,Tabla18691315[[#This Row],[2º ETAPA]],$K$14:$K$51) -> 0 | L83: =IF(K83=0,"0",(IFERROR(LOOKUP(Tabla18691315[[#This Row],[2º ETAPA]],Costos!$B$5:$B$100,Costos!$C$5:$C$100),0)))*Tabla18691315[[#This Row],[PARA CAMB]] -> 0 | M83: =Tabla18691315[[#This Row],[DÓLAR]]*$F$5 -> 0

Sheet Costos
B1: #VALUE! | C1: {=_FV(B1,"Precio")} -> 3693.25
A3: ELEMENTOS FILTRANTES ETAPA 1 | I3: ELEMENTOS FILTRANTES ETAPA 2
A4: ITEM | B4: REFERENCIA | C4: VALOR US$ | D4: VALOR COL$ | E4: CANTIDAD | F4: TOTAL US$ | G4: TOTAL COL$ | I4: ITEM | J4: REFERENCIA | K4: VALOR US$ | L4: VALOR COL$ | M4: CANTIDAD | N4: TOTAL US$ | O4: TOTAL COL$
A5: 1 | B5: ACO 51201L | C5: 197 | D5: =C5*$C$1 -> 727570.25 | E5: 10 | F5: =Tabla33[[#This Row],[VALOR US$]]*Tabla33[[#This Row],[CANTIDAD]] -> 1970 | G5: =Tabla33[[#This Row],[TOTAL US$]]*$C$1 -> 7275702.5 | I5: 1 | J5: SM-436FB-5 | K5: 277.58 | L5: =K5*$C$1 -> 1025172.3 | M5: 1 | N5: =Tabla333[[#This Row],[VALOR US$]]*Tabla333[[#This Row],[CANTIDAD]] -> 277.58 | O5: =Tabla333[[#This Row],[TOTAL US$]]*$C$1 -> 1025172.3
A6: 2 | B6: ACO 51201P | C6: 314 | D6: =C6*$C$1 -> 1159680.5 | E6: 6 | F6: =Tabla33[[#This Row],[VALOR US$]]*Tabla33[[#This Row],[CANTIDAD]] -> 1884 | G6: =Tabla33[[#This Row],[TOTAL US$]]*$C$1 -> 6958083 | I6: 2 | J6: SO-324VA5 | K6: 288.31 | L6: =K6*$C$1 -> 1064800.9 | M6: 1 | N6: =Tabla333[[#This Row],[VALOR US$]]*Tabla333[[#This Row],[CANTIDAD]] -> 288.31 | O6: =Tabla333[[#This Row],[TOTAL US$]]*$C$1 -> 1064800.9
A7: 3 | B7: ACO 51205B | C7: 132 | D7: =C7*$C$1 -> 487509 | E7: 1 | F7: =Tabla33[[#This Row],[VALOR US$]]*Tabla33[[#This Row],[CANTIDAD]] -> 132 | G7: =Tabla33[[#This Row],[TOTAL US$]]*$C$1 -> 487509 | I7: 3 | J7: SO-436V5 | K7: 282.2 | L7: =K7*$C$1 -> 1042235.1 | M7: 4 | N7: =Tabla333[[#This Row],[VALOR US$]]*Tabla333[[#This Row],[CANTIDAD]] -> 1128.8 | O7: =Tabla333[[#This Row],[TOTAL US$]]*$C$1 -> 4168940.6
A8: 4 | B8: ACO 51205L | C8: 136.3 | D8: =C8*$C$1 -> 503389.98 | E8: 1 | F8: =Tabla33[[#This Row],[VALOR US$]]*Tabla33[[#This Row],[CANTIDAD]] -> 136.3 | G8: =Tabla33[[#This Row],[TOTAL US$]]*$C$1 -> 503389.98 | I8: 4 | J8: SO-436VA | K8: 282.2 | L8: =K8*$C$1 -> 1042235.1 | M8: 2 | N8: =Tabla333[[#This Row],[VALOR US$]]*Tabla333[[#This Row],[CANTIDAD]] -> 564.4 | O8: =Tabla333[[#This Row],[TOTAL US$]]*$C$1 -> 2084470.3
A9: 5 | B9: ACO 52401L | C9: 256.55 | D9: =C9*$C$1 -> 947503.29 | E9: 1 | F9: =Tabla33[[#This Row],[VALOR US$]]*Tabla33[[#This Row],[CANTIDAD]] -> 256.55 | G9: =Tabla33[[#This Row],[TOTAL US$]]*$C$1 -> 947503.29 | I9: 5 | J9: SO-609C | K9: 190.35 | L9: =K9*$C$1 -> 703010.14 | M9: 1 | N9: =Tabla333[[#This Row],[VALOR US$]]*Tabla333[[#This Row],[CANTIDAD]] -> 190.35 | O9: =Tabla333[[#This Row],[TOTAL US$]]*$C$1 -> 703010.14
A10: 6 | B10: ACO 60901L | C10: 151.2 | D10: =C10*$C$1 -> 558419.4 | E10: 4 | F10: =Tabla33[[#This Row],[VALOR US$]]*Tabla33[[#This Row],[CANTIDAD]] -> 604.8 | G10: =Tabla33[[#This Row],[TOTAL US$]]*$C$1 -> 2233677.6 | I10: 6 | J10: SO-609V | K10: 190.35 | L10: =K10*$C$1 -> 703010.14 | M10: 9 | N10: =Tabla333[[#This Row],[VALOR US$]]*Tabla333[[#This Row],[CANTIDAD]] -> 1713.15 | O10: =Tabla333[[#This Row],[TOTAL US$]]*$C$1 -> 6327091.2
A11: 7 | B11: CA33-3SB | C11: 306.22 | D11: =C11*$C$1 -> 1130947 | E11: 3 | F11: =Tabla33[[#This Row],[VALOR US$]]*Tabla33[[#This Row],[CANTIDAD]] -> 918.66 | G11: =Tabla33[[#This Row],[TOTAL US$]]*$C$1 -> 3392841 | I11: 7 | J11: SO-609V5 | K11: 183.25 | L11: =K11*$C$1 -> 676788.06 | M11: 12 | N11: =Tabla333[[#This Row],[VALOR US$]]*Tabla333[[#This Row],[CANTIDAD]] -> 2199 | O11: =Tabla333[[#This Row],[TOTAL US$]]*$C$1 -> 8121456.8
A12: 8 | B12: CAA14-5SB | C12: 158.2 | D12: =C12*$C$1 -> 584272.15 | E12: 2 | F12: =Tabla33[[#This Row],[VALOR US$]]*Tabla33[[#This Row],[CANTIDAD]] -> 316.4 | G12: =Tabla33[[#This Row],[TOTAL US$]]*$C$1 -> 1168544.3 | I12: 8 | J12: SO-614VA5 | K12: 137.7 | L12: =K12*$C$1 -> 508560.52 | M12: 2 | N12: =Tabla333[[#This Row],[VALOR US$]]*Tabla333[[#This Row],[CANTIDAD]] -> 275.4 | O12: =Tabla333[[#This Row],[TOTAL US$]]*$C$1 -> 1017121
A13: 9 | B13: CAA22-5SB | C13: 100.92 | D13: =C13*$C$1 -> 372722.79 | E13: 13 | F13: =Tabla33[[#This Row],[VALOR US$]]*Tabla33[[#This Row],[CANTIDAD]] -> 1311.96 | G13: =Tabla33[[#This Row],[TOTAL US$]]*$C$1 -> 4845396.3 | I13: 9 | J13: SO-623C | K13: 143.91 | L13: =K13*$C$1 -> 531495.61 | M13: 1 | N13: =Tabla333[[#This Row],[VALOR US$]]*Tabla333[[#This Row],[CANTIDAD]] -> 143.91 | O13: =Tabla333[[#This Row],[TOTAL US$]]*$C$1 -> 531495.61
A14: 10 | B14: CAA28-5SB | C14: 202.59 | D14: =C14*$C$1 -> 748215.52 | E14: 2 | F14: =Tabla33[[#This Row],[VALOR US$]]*Tabla33[[#This Row],[CANTIDAD]] -> 405.18 | G14: =Tabla33[[#This Row],[TOTAL US$]]*$C$1 -> 1496431 | I14: 10 | J14: SO-623VA | K14: 108.35 | L14: =K14*$C$1 -> 400163.64 | M14: 1 | N14: =Tabla333[[#This Row],[VALOR US$]]*Tabla333[[#This Row],[CANTIDAD]] -> 108.35 | O14: =Tabla333[[#This Row],[TOTAL US$]]*$C$1 -> 400163.64
A15: 11 | B15: CAA33-5SB | C15: 259.45 | D15: =C15*$C$1 -> 958213.71 | E15: 22 | F15: =Tabla33[[#This Row],[VALOR US$]]*Tabla33[[#This Row],[CANTIDAD]] -> 5707.9 | G15: =Tabla33[[#This Row],[TOTAL US$]]*$C$1 -> 21080702 | I15: 11 | J15: SO-629C | K15: 251.6 | L15: =K15*$C$1 -> 929221.7 | M15: 1 | N15: =Tabla333[[#This Row],[VALOR US$]]*Tabla333[[#This Row],[CANTIDAD]] -> 251.6 | O15: =Tabla333[[#This Row],[TOTAL US$]]*$C$1 -> 929221.7
A16: 12 | B16: CDF-230P | C16: 86.7 | D16: =C16*$C$1 -> 320204.78 | E16: 10 | F16: =Tabla33[[#This Row],[VALOR US$]]*Tabla33[[#This Row],[CANTIDAD]] -> 867 | G16: =Tabla33[[#This Row],[TOTAL US$]]*$C$1 -> 3202047.8 | I16: 12 | J16: SO-630PB | K16: 201.94 | L16: =K16*$C$1 -> 745814.91 | M16: 1 | N16: =Tabla333[[#This Row],[VALOR US$]]*Tabla333[[#This Row],[CANTIDAD]] -> 201.94 | O16: =Tabla333[[#This Row],[TOTAL US$]]*$C$1 -> 745814.91
... A24: 20 | B24: I-62887TB | C24: 159.86 | D24: =C24*$C$1 -> 590402.95 | E24: 6 | F24: =Tabla33[[#This Row],[VALOR US$]]*Tabla33[[#This Row],[CANTIDAD]] -> 959.16 | G24: =Tabla33[[#This Row],[TOTAL US$]]*$C$1 -> 3542417.7 | I24: 20 | J24: SS630FE-5 | K24: 199.98 | L24: =K24*$C$1 -> 738576.14 | M24: 1 | N24: =Tabla333[[#This Row],[VALOR US$]]*Tabla333[[#This Row],[CANTIDAD]] -> 199.98 | O24: =Tabla333[[#This Row],[TOTAL US$]]*$C$1 -> 738576.14
A25: 21 | B25: I-628C5TB | C25: 200.95 | D25: =C25*$C$1 -> 742158.59 | E25: 31 | F25: =Tabla33[[#This Row],[VALOR US$]]*Tabla33[[#This Row],[CANTIDAD]] -> 6229.45 | G25: =Tabla33[[#This Row],[TOTAL US$]]*$C$1 -> 23006916 | M25: SUB TOTAL | N25: =SUBTOTAL(109,Tabla333[TOTAL US$]) -> 10522.6 | O25: =SUBTOTAL(109,Tabla333[TOTAL COL$]) -> 38862592
A26: 22 | B26: I-633C5TB | C26: 256.1 | D26: =C26*$C$1 -> 945841.33 | E26: 15 | F26: =Tabla33[[#This Row],[VALOR US$]]*Tabla33[[#This Row],[CANTIDAD]] -> 3841.5 | G26: =Tabla33[[#This Row],[TOTAL US$]]*$C$1 -> 14187620 | M26: 0.2 | N26: =N25*M26 -> 2104.52 | O26: =O25*M26 -> 7772518.5
E27: SUB TOTAL | F27: =SUBTOTAL(109,Tabla33[TOTAL US$]) -> 33938.38 | G27: =SUBTOTAL(109,Tabla33[TOTAL COL$]) -> 1.2534292e+08 | M27: TOTAL | N27: =N25+N26 -> 12627.12 | O27: =O25+O26 -> 46635111
E28: 0.2 | F28: =F27*E28 -> 6787.676 | G28: =G27*E28 -> 25068584
E29: TOTAL | F29: =F27+F28 -> 40726.056 | G29: =G27+G28 -> 1.5041151e+08
F31: =F29 -> 40726.056 | G31: =G29 -> 1.5041151e+08
F32: =N27 -> 12627.12 | G32: =O27 -> 46635111
E33: TOTAL | F33: =F31+F32 -> 53353.176 | G33: =G31+G32 -> 1.9704662e+08

Sheet Tabla dinamica
A3: Etiquetas de fila | B3: Suma de DIAS DE VIGILANCIA | C3: Suma de CANT
A4: CAA28-5SB | B4: -1446 | C4: 2
A5: Total general | B5: -1446 | C5: 2

Sheet TOTAL ELEMENTOS Y SIMILARIDAD
A1: ELEMENTOS FILTRANTES | G1: VEHICULOS REFUELLERS | L1: EDSA / TERMINAL | Q1: TOTAL | U1: CANT | V1: ELEMENTO
A2: REFERENCIAS | G2: CANTIDAD DE ELEMENTOS | L2: CANTIDAD DE ELEMENTOS | Q2: CANTIDAD DE ELEMENTOS | U2: =SUMIF(REFUELLERS[1º ETAPA],V2,REFUELLERS[CANT]) -> 0 | V2: ACO 51201-P
A3: # | B3: Velcon | C3: COSTO | D3: Facet | E3: COSTO | G3: CANT | H3: 1º ETAPA | I3: CANT | J3: 2º ETAPA | L3: CANT | M3: 1º ETAPA | N3: CANT | O3: 2º ETAPA | Q3: CANT | R3: 1º ETAPA | S3: CANT | T3: 2º ETAPA | U3: =SUMIF(REFUELLERS[1º ETAPA],V3,REFUELLERS[CANT]) -> 0 | V3: CA33-3SB
A4: 1 | B4: ACO 51201-L | C4: 180.6 | D4: FG-O-512-2 | E4: 155.72 | G4: =SUMIF(REFUELLERS[1º ETAPA],H4,REFUELLERS[CANT]) -> 0 | H4: ACO 51201-P | I4: =SUMIF(REFUELLERS[2º ETAPA],J4,REFUELLERS[[CANT ]]) -> 0 | J4: SM-436FB-5 | L4: =SUMIF(PLANTAS[1º ETAPA],M4,PLANTAS[CANT]) -> 0 | M4: ACO 51201-L | N4: =SUMIF(PLANTAS[2º ETAPA],O4,PLANTAS[[CANT ]]) -> 0 | O4: SO-436VA | Q4: =SUMIF($V$2:$V$42,R4,$U$2:$U$42) -> 0 | R4: ACO 51201-P | S4: =SUMIF($V$2:$V$42,T4,$U$2:$U$42) -> 0 | T4: SM-436FB-5 | U4: =SUMIF(REFUELLERS[1º ETAPA],V4,REFUELLERS[CANT]) -> 0 | V4: CAA14-5SB
A5: =A4+1 -> 2 | B5: ACO 51201-P | C5: 180.6 | D5: FG-O-512-2 | E5: 155.72 | G5: =SUMIF(REFUELLERS[1º ETAPA],H5,REFUELLERS[CANT]) -> 0 | H5: CA33-3SB | I5: =SUMIF(REFUELLERS[2º ETAPA],J5,REFUELLERS[[CANT ]]) -> 1 | J5: SO-324VA5 | L5: =SUMIF(PLANTAS[1º ETAPA],M5,PLANTAS[CANT]) -> 0 | M5: ACO 51205-B | N5: =SUMIF(PLANTAS[2º ETAPA],O5,PLANTAS[[CANT ]]) -> 1 | O5: SO-609C | Q5: =SUMIF($V$2:$V$42,R5,$U$2:$U$42) -> 0 | R5: ACO 51201-L | S5: =SUMIF($V$2:$V$42,T5,$U$2:$U$42) -> 1 | T5: SO-324VA5 | U5: =SUMIF(REFUELLERS[1º ETAPA],V5,REFUELLERS[CANT]) -> 11 | V5: CAA22-5SB
A6: =A5+1 -> 3 | B6: ACO 51205-B | G6: =SUMIF(REFUELLERS[1º ETAPA],H6,REFUELLERS[CANT]) -> 0 | H6: CAA14-5SB | I6: =SUMIF(REFUELLERS[2º ETAPA],J6,REFUELLERS[[CANT ]]) -> 2 | J6: SO-436V5 | L6: =SUMIF(PLANTAS[1º ETAPA],M6,PLANTAS[CANT]) -> 0 | M6: ACO 51205-L | N6: =SUMIF(PLANTAS[2º ETAPA],O6,PLANTAS[[CANT ]]) -> 0 | O6: SO-609V | Q6: =SUMIF($V$2:$V$42,R6,$U$2:$U$42) -> 0 | R6: ACO 51205-B | S6: =SUMIF($V$2:$V$42,T6,$U$2:$U$42) -> 2 | T6: SO-436V5 | U6: =SUMIF(REFUELLERS[1º ETAPA],V6,REFUELLERS[CANT]) -> 2 | V6: CAA28-5SB
A7: =A6+1 -> 4 | B7: ACO 51205-L | G7: =SUMIF(REFUELLERS[1º ETAPA],H7,REFUELLERS[CANT]) -> 11 | H7: CAA22-5SB | I7: =SUMIF(REFUELLERS[2º ETAPA],J7,REFUELLERS[[CANT ]]) -> 1 | J7: SO-623VA | L7: =SUMIF(PLANTAS[1º ETAPA],M7,PLANTAS[CANT]) -> 0 | M7: ACO 52401-L | N7: =SUMIF(PLANTAS[2º ETAPA],O7,PLANTAS[[CANT ]]) -> 2 | O7: SO-609V5 | Q7: =SUMIF($V$2:$V$42,R7,$U$2:$U$42) -> 0 | R7: ACO 51205-L | S7: =SUMIF($V$2:$V$42,T7,$U$2:$U$42) -> 0 | T7: SO-436VA | U7: =SUMIF(REFUELLERS[1º ETAPA],V7,REFUELLERS[CANT]) -> 21 | V7: CAA33-5SB
A8: =A7+1 -> 5 | B8: ACO 52401-L | G8: =SUMIF(REFUELLERS[1º ETAPA],H8,REFUELLERS[CANT]) -> 2 | H8: CAA28-5SB | I8: =SUMIF(REFUELLERS[2º ETAPA],J8,REFUELLERS[[CANT ]]) -> 1 | J8: SS424FB-5 | L8: =SUMIF(PLANTAS[1º ETAPA],M8,PLANTAS[CANT]) -> 0 | M8: ACO 60901-L | N8: =SUMIF(PLANTAS[2º ETAPA],O8,PLANTAS[[CANT ]]) -> 0 | O8: SO-614VA5 | Q8: =SUMIF($V$2:$V$42,R8,$U$2:$U$42) -> 0 | R8: ACO 52401-L | S8: =SUMIF($V$2:$V$42,T8,$U$2:$U$42) -> 1 | T8: SO-609C | U8: =SUMIF(REFUELLERS[1º ETAPA],V8,REFUELLERS[CANT]) -> 10 | V8: CDF-230P
A9: =A8+1 -> 6 | B9: ACO 52401-P | C9: 256.55 | D9: FG-O-524-2 | G9: =SUMIF(REFUELLERS[1º ETAPA],H9,REFUELLERS[CANT]) -> 21 | H9: CAA33-5SB | I9: =SUMIF(REFUELLERS[2º ETAPA],J9,REFUELLERS[[CANT ]]) -> 8 | J9: SS436FB-5 | L9: =SUMIF(PLANTAS[1º ETAPA],M9,PLANTAS[CANT]) -> 0 | M9: CAA33-5SB | N9: =SUMIF(PLANTAS[2º ETAPA],O9,PLANTAS[[CANT ]]) -> 0 | O9: SO-623C | Q9: =SUMIF($V$2:$V$42,R9,$U$2:$U$42) -> 0 | R9: ACO 60901-L | S9: =SUMIF($V$2:$V$42,T9,$U$2:$U$42) -> 0 | T9: SO-609V | U9: =SUMIF(REFUELLERS[1º ETAPA],V9,REFUELLERS[CANT]) -> 2 | V9: FG-0-512-2
A10: =A9+1 -> 7 | B10: ACO 60901-L | C10: 151.2 | D10: FG-O-609-2 | G10: =SUMIF(REFUELLERS[1º ETAPA],H10,REFUELLERS[CANT]) -> 10 | H10: CDF-230P | I10: =SUMIF(REFUELLERS[2º ETAPA],J10,REFUELLERS[[CANT ]]) -> 0 | J10: SS614FD-5 | L10: =SUMIF(PLANTAS[1º ETAPA],M10,PLANTAS[CANT]) -> 0 | M10: I-614C5TB | N10: =SUMIF(PLANTAS[2º ETAPA],O10,PLANTAS[[CANT ]]) -> 0 | O10: SO-623VA | Q10: =SUMIF($V$2:$V$42,R10,$U$2:$U$42) -> 0 | R10: CA33-3SB | S10: =SUMIF($V$2:$V$42,T10,$U$2:$U$42) -> 2 | T10: SO-609V5 | U10: =SUMIF(REFUELLERS[1º ETAPA],V10,REFUELLERS[CANT]) -> 27 | V10: FG-230-7
A11: =A10+1 -> 8 | B11: ACO 60901-L | G11: =SUMIF(REFUELLERS[1º ETAPA],H11,REFUELLERS[CANT]) -> 2 | H11: FG-0-512-2 | I11: =SUMIF(REFUELLERS[2º ETAPA],J11,REFUELLERS[[CANT ]]) -> 2 | J11: SS622FB-5 | L11: =SUMIF(PLANTAS[1º ETAPA],M11,PLANTAS[CANT]) -> 4 | M11: I-62287TB | N11: =SUMIF(PLANTAS[2º ETAPA],O11,PLANTAS[[CANT ]]) -> 3 | O11: SO-629C | Q11: =SUMIF($V$2:$V$42,R11,$U$2:$U$42) -> 0 | R11: CAA14-5SB | S11: =SUMIF($V$2:$V$42,T11,$U$2:$U$42) -> 0 | T11: SO-614VA5 | U11: =SUMIF(REFUELLERS[1º ETAPA],V11,REFUELLERS[CANT]) -> 0 | V11: FG-O-512-7
A12: =A11+1 -> 9 | B12: ACO 60901-P | C12: 151.2 | D12: FG-O-609-2 | G12: =SUMIF(REFUELLERS[1º ETAPA],H12,REFUELLERS[CANT]) -> 27 | H12: FG-230-7 | I12: =SUMIF(REFUELLERS[2º ETAPA],J12,REFUELLERS[[CANT ]]) -> 0 | J12: SS624FB-5 | L12: =SUMIF(PLANTAS[1º ETAPA],M12,PLANTAS[CANT]) -> 2 | M12: I-622C5TB | N12: =SUMIF(PLANTAS[2º ETAPA],O12,PLANTAS[[CANT ]]) -> 0 | O12: SO-630PB | Q12: =SUMIF($V$2:$V$42,R12,$U$2:$U$42) -> 11 | R12: CAA22-5SB | S12: =SUMIF($V$2:$V$42,T12,$U$2:$U$42) -> 0 | T12: SO-623C | U12: =SUMIF(REFUELLERS[1º ETAPA],V12,REFUELLERS[CANT]) -> 0 | V12: FG-O-609-7
A13: =A12+1 -> 10 | B13: CA-333SB | D13: CAA33-5SB | G13: =SUMIF(REFUELLERS[1º ETAPA],H13,REFUELLERS[CANT]) -> 0 | H13: FG-O-512-7 | I13: =SUMIF(REFUELLERS[2º ETAPA],J13,REFUELLERS[[CANT ]]) -> 1 | J13: SS630FE-5 | L13: =SUMIF(PLANTAS[1º ETAPA],M13,PLANTAS[CANT]) -> 4 | M13: I-62887TB | N13: =SUMIF(PLANTAS[2º ETAPA],O13,PLANTAS[[CANT ]]) -> 1 | O13: SO-630PV5 | Q13: =SUMIF($V$2:$V$42,R13,$U$2:$U$42) -> 2 | R13: CAA28-5SB | S13: =SUMIF($V$2:$V$42,T13,$U$2:$U$42) -> 1 | T13: SO-623VA | U13: =SUMIF(REFUELLERS[1º ETAPA],V13,REFUELLERS[CANT]) -> 4 | V13: I-622C5TB
A14: =A13+1 -> 11 | B14: CDF-230K | D14: FG-230-6 | G14: =SUMIF(REFUELLERS[1º ETAPA],H14,REFUELLERS[CANT]) -> 0 | H14: FG-O-609-7 | I14: =SUM(I4:I13) -> 16 | J14: TOTAL | L14: =SUMIF(PLANTAS[1º ETAPA],M14,PLANTAS[CANT]) -> 4 | M14: I-628C5TB | N14: =SUMIF(PLANTAS[2º ETAPA],O14,PLANTAS[[CANT ]]) -> 0 | O14: SO-630V5 | Q14: =SUMIF($V$2:$V$42,R14,$U$2:$U$42) -> 21 | R14: CAA33-5SB | S14: =SUMIF($V$2:$V$42,T14,$U$2:$U$42) -> 0 | T14: SO-629C | U14: =SUMIF(REFUELLERS[1º ETAPA],V14,REFUELLERS[CANT]) -> 8 | V14: I-633C5TB
A15: =A14+1 -> 12 | B15: CDF-230P | D15: FG-230-6 | G15: =SUMIF(REFUELLERS[1º ETAPA],H15,REFUELLERS[CANT]) -> 4 | H15: I-622C5TB | L15: =SUMIF(PLANTAS[1º ETAPA],M15,PLANTAS[CANT]) -> 0 | M15: I-633C5TB | N15: =SUMIF(PLANTAS[2º ETAPA],O15,PLANTAS[[CANT ]]) -> 0 | O15: SS624FB-5 | Q15: =SUMIF($V$2:$V$42,R15,$U$2:$U$42) -> 10 | R15: CDF-230P | S15: =SUMIF($V$2:$V$42,T15,$U$2:$U$42) -> 0 | T15: SO-630PB | U15: =SUMIF(PLANTAS[1º ETAPA],V15,PLANTAS[CANT]) -> 0 | V15: ACO 51201-L
A16: =A15+1 -> 13 | B16: CDF-230-P | D16: FG-230-6 | G16: =SUMIF(REFUELLERS[1º ETAPA],H16,REFUELLERS[CANT]) -> 8 | H16: I-633C5TB | L16: =SUM(L4:L15) -> 14 | M16: TOTAL | N16: =SUM(N4:N15) -> 7 | O16: TOTAL | Q16: =SUMIF($V$2:$V$42,R16,$U$2:$U$42) -> 2 | R16: FG-0-512-2 | S16: =SUMIF($V$2:$V$42,T16,$U$2:$U$42) -> 0 | T16: SO-630PV5 | U16: =SUMIF(PLANTAS[1º ETAPA],V16,PLANTAS[CANT]) -> 0 | V16: ACO 51205-B
A17: =A16+1 -> 14 | B17: I-614C5TB | D17: CAA14-5SB | G17: =SUM(G4:G16) -> 85 | H17: TOTAL | Q17: =SUMIF($V$2:$V$42,R17,$U$2:$U$42) -> 27 | R17: FG-230-7 | S17: =SUMIF($V$2:$V$42,T17,$U$2:$U$42) -> 0 | T17: SO-630V5 | U17: =SUMIF(PLANTAS[1º ETAPA],V17,PLANTAS[CANT]) -> 0 | V17: ACO 51205-L
A18: =A17+1 -> 15 | B18: I-62287TB | D18: CAA22-5SB | Q18: =SUMIF($V$2:$V$42,R18,$U$2:$U$42) -> 0 | R18: FG-O-512-7 | S18: =SUMIF($V$2:$V$42,T18,$U$2:$U$42) -> 1 | T18: SS424FB-5 | U18: =SUMIF(PLANTAS[1º ETAPA],V18,PLANTAS[CANT]) -> 0 | V18: ACO 52401-L
A19: =A18+1 -> 16 | B19: I-622C5TB | D19: CAA22-5SB | Q19: =SUMIF($V$2:$V$42,R19,$U$2:$U$42) -> 0 | R19: FG-O-609-7 | S19: =SUMIF($V$2:$V$42,T19,$U$2:$U$42) -> 8 | T19: SS436FB-5 | U19: =SUMIF(PLANTAS[1º ETAPA],V19,PLANTAS[CANT]) -> 0 | V19: ACO 60901-L
A20: =A19+1 -> 17 | B20: I-62887TB | D20: CAA28-5SB | Q20: =SUMIF($V$2:$V$42,R20,$U$2:$U$42) -> 0 | R20: I-614C5TB | S20: =SUMIF($V$2:$V$42,T20,$U$2:$U$42) -> 0 | T20: SS614FD-5 | U20: =SUMIF(PLANTAS[1º ETAPA],V20,PLANTAS[CANT]) -> 0 | V20: CAA33-5SB
A21: =A20+1 -> 18 | B21: I-628C5TB | D21: CAA28-5SB | Q21: =SUMIF($V$2:$V$42,R21,$U$2:$U$42) -> 4 | R21: I-62287TB | S21: =SUMIF($V$2:$V$42,T21,$U$2:$U$42) -> 2 | T21: SS622FB-5 | U21: =SUMIF(PLANTAS[1º ETAPA],V21,PLANTAS[CANT]) -> 0 | V21: I-614C5TB
A22: =A21+1 -> 19 | B22: I-633C5TB | D22: CAA33-5SB | Q22: =SUMIF($V$2:$V$42,R22,$U$2:$U$42) -> 6 | R22: I-622C5TB | S22: =SUMIF($V$2:$V$42,T22,$U$2:$U$42) -> 0 | T22: SS624FB-5 | U22: =SUMIF(PLANTAS[1º ETAPA],V22,PLANTAS[CANT]) -> 4 | V22: I-62287TB
A23: =A22+1 -> 20 | B23: I-633C5TB | D23: CAA33-5SB | Q23: =SUMIF($V$2:$V$42,R23,$U$2:$U$42) -> 4 | R23: I-62887TB | S23: =SUMIF($V$2:$V$42,T23,$U$2:$U$42) -> 1 | T23: SS630FE-5 | U23: =SUMIF(PLANTAS[1º ETAPA],V23,PLANTAS[CANT]) -> 2 | V23: I-622C5TB
A24: =A23+1 -> 21 | B24: I-633C5TB | Q24: =SUMIF($V$2:$V$42,R24,$U$2:$U$42) -> 4 | R24: I-628C5TB | S24: =SUM(S4:S23) -> 19 | T24: TOTAL | U24: =SUMIF(PLANTAS[1º ETAPA],V24,PLANTAS[CANT]) -> 4 | V24: I-62887TB
A25: =A24+1 -> 22 | B25: SO- 624VA | D25: SS624FB5 | Q25: =SUMIF($V$2:$V$42,R25,$U$2:$U$42) -> 8 | R25: I-633C5TB | U25: =SUMIF(PLANTAS[1º ETAPA],V25,PLANTAS[CANT]) -> 4 | V25: I-628C5TB
A26: =A25+1 -> 23 | B26: SO-324VA5 | D26: SS324FA-5 | Q26: =SUM(Q4:Q25) -> 99 | R26: TOTAL | U26: =SUMIF(PLANTAS[1º ETAPA],V26,PLANTAS[CANT]) -> 0 | V26: I-633C5TB
A27: =A26+1 -> 24 | B27: SO-436V | D27: SS436FB-5
A28: =A27+1 -> 25 | B28: SO-436V5 | C28: 180.6 | D28: SS436FB-5 | E28: 180.6 | U28: =SUMIF(REFUELLERS[2º ETAPA],V28,REFUELLERS[[CANT ]]) -> 0 | V28: SM-436FB-5
A29: =A28+1 -> 26 | B29: SO-609C | U29: =SUMIF(REFUELLERS[2º ETAPA],V29,REFUELLERS[[CANT ]]) -> 1 | V29: SO-324VA5
A30: =A29+1 -> 27 | B30: SO-609V | C30: 180.6 | D30: SS609FE-5 | E30: 180.6 | U30: =SUMIF(REFUELLERS[2º ETAPA],V30,REFUELLERS[[CANT ]]) -> 2 | V30: SO-436V5
A31: =A30+1 -> 28 | B31: SO-609V5 | C31: 180.6 | D31: SS609FF-5 | E31: 180.6 | U31: =SUMIF(REFUELLERS[2º ETAPA],V31,REFUELLERS[[CANT ]]) -> 1 | V31: SO-623VA
A32: =A31+1 -> 29 | B32: SO-609VA5 | C32: 180.6 | D32: SS609FB-5 | E32: 180.6 | U32: =SUMIF(REFUELLERS[2º ETAPA],V32,REFUELLERS[[CANT ]]) -> 1 | V32: SS424FB-5
A33: =A32+1 -> 30 | B33: SO-614VA5 | C33: 180.6 | D33: SS614FB-5 | E33: 180.6 | U33: =SUMIF(REFUELLERS[2º ETAPA],V33,REFUELLERS[[CANT ]]) -> 8 | V33: SS436FB-5
A34: =A33+1 -> 31 | B34: SO-623C | C34: 180.6 | D34: SS622FD-5 | E34: 180.6 | U34: =SUMIF(REFUELLERS[2º ETAPA],V34,REFUELLERS[[CANT ]]) -> 0 | V34: SS614FD-5
A35: =A34+1 -> 32 | B35: SO-623C | C35: 180.6 | D35: SS622FD-5 | E35: 180.6 | U35: =SUMIF(REFUELLERS[2º ETAPA],V35,REFUELLERS[[CANT ]]) -> 2 | V35: SS622FB-5
A36: =A35+1 -> 33 | B36: SO-623VA | C36: 180.6 | D36: SS622FF-5 | E36: 180.6 | U36: =SUMIF(REFUELLERS[2º ETAPA],V36,REFUELLERS[[CANT ]]) -> 0 | V36: SS624FB-5
A37: =A36+1 -> 34 | B37: SO-623VA | U37: =SUMIF(REFUELLERS[2º ETAPA],V37,REFUELLERS[[CANT ]]) -> 1 | V37: SS630FE-5
A38: =A37+1 -> 35 | B38: SO-629C | C38: 180.6 | D38: SS629FD-5 | E38: 180.6 | U38: =SUMIF(PLANTAS[2º ETAPA],V38,PLANTAS[[CANT ]]) -> 0 | V38: SO-436VA
A39: =A38+1 -> 36 | B39: SO-629C | U39: =SUMIF(PLANTAS[2º ETAPA],V39,PLANTAS[[CANT ]]) -> 1 | V39: SO-609C
A40: =A39+1 -> 37 | B40: SO-630PB | U40: =SUMIF(PLANTAS[2º ETAPA],V40,PLANTAS[[CANT ]]) -> 0 | V40: SO-609V
A41: =A40+1 -> 38 | B41: SO-630PV5 | C41: 180.6 | D41: SS630FE-5 | E41: 180.6 | U41: =SUMIF(PLANTAS[2º ETAPA],V41,PLANTAS[[CANT ]]) -> 2 | V41: SO-609V5
A42: =A41+1 -> 39 | B42: SO-630V5 | C42: 180.6 | D42: SS630FE-5 | E42: 180.6 | U42: =SUMIF(PLANTAS[2º ETAPA],V42,PLANTAS[[CANT ]]) -> 0 | V42: SO-614VA5
B43: SS-436FB | C43: 180.6 | D43: SS436FB-5 | E43: 180.6
B44: SS-436FB5 | C44: 180.6 | D44: SS436FB-5 | E44: 180.6
B45: SS-436FV5 | C45: 180.6 | D45: SS436FB-5 | E45: 180.6
D46: CA33-3SB
D48: CAA33-5SB
D49: FG-0-512-2
D50: FG-230-6
D51: FG-230-7
D52: FG-O-512-7
D53: FG-O-609-7
D54: SM-436FB-5
D55: SS424FB-5
D56: SS614FD-5
C57: 180.6 | D57: SS622FB-5 | E57: 180.6
D58: SS622FB-5
D59: SS624FB-5

Sheet Carcasas Refuellers 
A1: INFORMACIÓN GENERAL | F1: PRODUCTO Y DATOS FILTRO | J1: ELEMENTOS FILTRANTES | O1: FECHA | P1: DATOS Y MEDIDAS CARCAZA
P2: RATA | R2: Posición de tapa | T2: VOLUMEN | U2: Carcasa del Filtro | W2: Diámetro Tubería
A3: # | B3: MOVIL | C3: REFUELLER | D3: MODELO | E3: CAP TK | F3: PRODUCTO | G3: TIPO | H3: MODELO2 | I3: S/N | J3: MARCA | K3: Cant.1 | L3: 1º Etapa | M3: Cant 2 | N3: 2º Etapa | O3: Cambio Elementos | P3: MAX (gls/min) | Q3: TIPO | R3: Superior | S3: Lateral | T3: FILTRO (GLS) | U3: Diámetro Cm | V3: Largo Cm | W3: Entrada | X3: Salida | Y3: OBSERVACIONES
A4: 1 | B4: M050 | C4: SLJ-437 | D4: 2008 | E4: 1360 | F4: JET A-1 | G4: Monitor | H4: VF-61 | I4: N/A | J4: Facet | K4: 2 | L4: FG-O-512-7 | M4: N/A | N4: N/A | P4: 80 | Q4: Ver | R4: X | T4: 1 | U4: 16 | V4: 36 | W4: 1 1/2" | X4: 1 1/2"
A5: 2 | B5: M051 | C5: UFQ-586 | D5: 1998 | E5: 4100 | F5: JET A-1 | G5: Monitor | H5: HCS-3331436 | I5: F9137-1 | J5: Facet | K5: 3 | L5: CAA 33-5SB | M5: 1 | N5: SS 436-FB-5 | P5: 239 | Q5: Hor | S5: X | T5: 40 | U5: 40 | V5: 103 | W5: 3" | X5: 3"
A6: 3 | B6: M053 | C6: UFT-131 | D6: 2003 | E6: 5100 | F6: JET A-1 | G6: Separador | H6: HV-1633 | I6: N/A | J6: Velcon | K6: 3 | L6: I-633C5TB | M6: 1 | N6: SO 436V5 | P6: 200 | Q6: Hor | S6: X | T6: 35 | U6: 42 | V6: 105 | W6: 3" | X6: 3"
A7: 4 | B7: M055 | C7: CTV-080 | D7: 2005 | E7: 2265 | F7: JET A-1 | G7: Separador | H7: HV-1422 | I7: N/A | J7: Facet | K7: 2 | L7: CAA22-5SB | M7: 1 | N7: SS624FB-5 | P7: 120 | Q7: Hor | S7: X | T7: 30 | U7: 40 | V7: 83 | W7: 2" | X7: 2"
A8: 5 | B8: M056 | C8: VEC-911 | D8: 2006 | E8: 3500 | F8: JET A-1 | G8: Separador | H8: HV-1633M022 | I8: N/A | J8: Facet | K8: 3 | L8: CAA33-5SB | M8: 1 | N8: SS436FB-5 | P8: 190 | Q8: Hor | S8: X | T8: 30 | U8: 56 | V8: 105 | W8: 3" | X8: 3"
A9: 6 | B9: M057 | C9: T-6743 | D9: 1970 | E9: 8000 | F9: JET A-1 | G9: Monitor | J9: Facet | K9: 27 | L9: FG-230-7 | M9: N/A | N9: N/A | Q9: Hor | S9: X | T9: 20 | U9: 40 | V9: 85 | W9: 2" | X9: 2"
A10: 7 | B10: M058 | C10: SRM-775 | D10: 2007 | E10: 2325 | F10: JET A-1 | G10: Separador | H10: HV-1422 | I10: V-1622 | J10: Facet | K10: 2 | L10: CAA14-5SB | M10: 1 | N10: SS614FD-5 | P10: 120 | Q10: Hor | S10: X | T10: 30 | U10: 39 | V10: 102 | W10: 3" | X10: 3"
A11: 8 | B11: M059 | C11: GFP-522 | D11: 1989 | E11: 5000 | F11: JET A-1 | G11: Separador | H11: HV-1633 M-150 | I11: N/A | J11: Velcon | K11: 3 | L11: I-633C5TB | M11: 1 | N11: SO 436V5 | P11: 230 | Q11: Hor | R11: X | T11: 20 | U11: 42 | V11: 82 | W11: 2" | X11: 2"
A12: 9 | B12: M062 | C12: LAN-566 | D12: 1996 | E12: 3850 | F12: JET A-1 | G12: Separador | H12: VV-2028 | I12: N/A | J12: Facet | K12: 2 | L12: CAA28-5SB | M12: 1 | N12: SS 630 FE-5 | P12: 140
A13: 10 | B13: M064 | C13: FRT-598 | D13: 2006 | E13: 2265 | F13: JET A-1 | G13: Separador | H13: HV-1422 | I13: N/A | J13: Facet | K13: 2 | L13: CAA22-5SB | M13: 1 | N13: SS622FF-5 | P13: 120 | Q13: Hor | R13: X | T13: 20 | U13: 36 | V13: 106 | W13: 4" | X13: 4"
A14: 11 | B14: M065 | C14: VKK-836 | D14: 1990 | E14: 5120 | F14: JET A-1 | G14: Separador | H14: HVC-1633M150 | I14: N/A | J14: Facet | K14: 3 | L14: CAA335SB | M14: 1 | N14: SS436FB-5 | P14: 220 | Q14: Hor | S14: X | T14: 30 | U14: 41 | V14: 85 | W14: 2" | X14: 2"
A15: 12 | B15: M066 | C15: WOW-051 | D15: 2000 | E15: 3000 | F15: JET A-1 | G15: Monitor | H15: HFG-D-10230 | I15: N/A | J15: Facet | K15: 10 | L15: FG-230-7 | M15: N/A | N15: N/A | P15: 240 | Q15: Hor | S15: X | T15: 30 | U15: 39 | V15: 102 | W15: 3" | X15: 3"
A16: 13 | B16: M067 | C16: WOW-069 | D16: 2000 | E16: 3150 | F16: JET A-1 | G16: Monitor | H16: HFG-D-10230 | I16: N/A | J16: Facet | K16: 10 | L16: FG-230-7 | M16: N/A | N16: N/A | P16: 280 | Q16: Hor | S16: X | T16: 30 | U16: 22 | V16: 105 | W16: 2" | X16: 2"
A17: 14 | B17: M068 | C17: WOW-071 | D17: 1990 | E17: 5000 | F17: JET A-1 | G17: Separador | H17: HVS-1633M150 | I17: N/A | J17: Facet | K17: 3 | L17: CAA33-5SB | M17: 1 | N17: SS436FB-5 | P17: 286 | Q17: Hor | S17: X | T17: 30 | U17: 22 | V17: 105 | W17: 2" | X17: 2"
A18: 15 | B18: M069 | C18: SRM-773 | D18: 2007 | E18: 2325 | F18: JET A-1 | G18: Separador | H18: HV-1422 | I18: N/A | J18: Facet | K18: 2 | L18: CAA22-5SB | M18: 1 | N18: SS622FB-5 | P18: 110 | Q18: Hor | S18: X | T18: 28 | U18: 41 | V18: 105.5 | W18: 4" | X18: 4"
A19: 16 | B19: M071 | C19: SRM-774 | D19: 2007 | E19: 2325 | F19: JET A-1 | G19: Separador | H19: HV-1422P1 | I19: 88001 | J19: Velcon | K19: 2 | L19: I-622C5TB | M19: 1 | N19: SO 324VA5 | P19: 140 | Q19: Hor | S19: X | T19: 40 | U19: 112 | V19: 71.5 | W19: 2" | X19: 2"
A20: 17 | B20: M072 | C20: SOP-688 | D20: 2009 | E20: 5000 | F20: JET A-1 | G20: Separador | H20: VF-61 | I20: N/A | J20: Facet | K20: 2 | L20: FG-0-512-2 | M20: N/A | N20: N/A | P20: 50 | Q20: Ver | R20: X | T20: 2 | U20: 16 | V20: 42 | W20: 1 1/2" | X20: 1 1/2"
A21: 18 | B21: M073 | C21: GFP-509 | D21: 1997 | E21: 5000 | F21: JET A-1 | G21: Separador | H21: HCS-C-333-1436 | I21: F-4007-1 | J21: Facet | K21: 3 | L21: CA33-3SB | M21: 1 | N21: SS436FB-5 | P21: 240 | Q21: Hor | R21: X | T21: 30 | U21: 41 | V21: 101 | W21: 3" | X21: 3"
A22: 19 | B22: M074 | C22: SRP-464 | D22: 2010 | E22: 1585 | F22: AV GAS | G22: Separador | H22: VF-61 | I22: N/A | J22: Velcon | K22: 1 | L22: ACO 51201-P | M22: N/A | N22: N/A | P22: 71 | Q22: Ver | R22: X | T22: 2 | U22: 16 | V22: 42 | W22: 1 1/2" | X22: 1 1/2"
A23: 20 | B23: M075 | C23: GFP-512 | D23: 1991 | E23: 4500 | F23: JET A-1 | G23: Separador | H23: HV-1633M150 | I23: 28815-4 | J23: Velcon | K23: 3 | L23: I-633C5TB | M23: 1 | N23: SO 436V5 | P23: 210 | Q23: Hor | S23: X | T23: 50 | U23: 128 | V23: 102 | W23: 3" | X23: 3"
A24: 21 | B24: M077 | C24: SRP-605 | D24: 2010 | E24: 2500 | F24: JET A-1 | G24: Separador | H24: HV-1422B1 | I24: 85988 | J24: Facet | K24: 2 | L24: CAA22-5SB | M24: 1 | N24: SS622FB-5 | P24: 150 | Q24: Hor | R24: X | T24: 28 | U24: 41 | V24: 93 | W24: 2" | X24: 2"
A25: 22 | B25: M078 | C25: SRP-748 | D25: 2011 | E25: 2250 | F25: JET A-1 | G25: Separador | H25: HV-1622 | I25: N/A | J25: Facet | K25: 2 | L25: I-622C5TB | M25: 1 | N25: SO623VA | P25: 110 | Q25: Hor | R25: X | T25: 28 | U25: 56 | V25: 69 | W25: 2" | X25: 2"
A26: 23 | B26: M079 | C26: SPV-738 | D26: 2011 | E26: 1615 | F26: AV GAS | G26: Cartucho | H26: VF-61 | I26: N/A | J26: Velcon | K26: 2 | L26: ACO 51201-P | M26: N/A | N26: N/A | P26: 66 | Q26: Ver | R26: X | T26: 6 | U26: 17 | V26: 36 | W26: 2" | X26: 2"
A27: 24 | B27: M080 | C27: SPV-739 | D27: 2011 | E27: 1600 | F27: AV GAS | G27: Monitor | H27: VF-61 | I27: N/A | J27: Velcon | K27: 2 | L27: ACO 51201-P | M27: N/A | N27: N/A | P27: 80 | Q27: Ver | R27: X | T27: 3 | U27: 15 | V27: 45 | W27: 2" | X27: 2"
A28: 25 | B28: M082 | C28: KPN-543 | D28: 1991 | E28: 1250 | F28: JET A-1 | G28: Cartucho | H28: VF-61 | I28: N/A | J28: Velcon | K28: 1 | L28: ACO 51201-P | M28: N/A | N28: N/A | P28: 70 | Q28: Ver | R28: X | T28: 1 | U28: 16 | V28: 36 | W28: 1 1/2" | X28: 1 1/2"
A29: 26 | B29: M083 | C29: KPN-555 | D29: 1991 | E29: 1200 | F29: AV GAS | G29: Monitor | H29: VF-609 | I29: N/A | J29: Facet | K29: 1 | L29: FG-O-609-7 | M29: N/A | N29: N/A | P29: 40 | Q29: Ver | R29: X | T29: 0.8 | U29: 17 | V29: 32 | W29: 1 1/2" | X29: 1 1/2"
A30: 27 | B30: M084 | C30: SZW-246 | D30: 2012 | E30: 2500 | F30: JET A-1 | G30: Separador | H30: HV-1633M | I30: N/A | J30: Facet | K30: 2 | L30: CAA22-5SB | M30: 1 | N30: SS436FB-5 | P30: 90 | Q30: Hor | S30: X | T30: 20 | U30: 40.5 | V30: 112 | W30: 2" | X30: 2"
A31: 28 | B31: M085 | C31: SZW-389 | D31: 2012 | E31: 2000 | F31: JET A-1 | G31: Monitor | H31: HFG-D-2030 | I31: F6849-1 | J31: Velcon | K31: 10 | L31: CDF-230P | M31: N/A | N31: N/A | P31: 105 | Q31: Hor | S31: X | T31: 20 | U31: 69.4 | V31: 103 | W31: 2" | X31: 2"
A32: 29 | B32: M086 | C32: WOW-093 | D32: 2012 | E32: 3000 | F32: JET A-1 | G32: Separador | H32: HV-1633M021 | I32: VC 0683-2 | J32: Facet | K32: 3 | L32: CAA33-5SB | M32: 1 | N32: SS436FB-5 | P32: 230 | Q32: Hor | R32: X | T32: 30 | U32: 39 | V32: 104 | W32: 3" | X32: 3"
A33: 30 | B33: M088 | C33: SPX-874 | D33: 2013 | E33: 3150 | F33: JET A-1 | G33: Separador | H33: HVM-1633M150 | I33: N/A | J33: Facet | K33: 3 | L33: CAA33-5SB | M33: 1 | N33: SO-436-V5 | P33: 180 | Q33: Hor | S33: X | T33: 30 | U33: 41 | V33: 102 | W33: 3" | X33: 3"
A34: 31 | B34: M089 | C34: SPY-210 | D34: 2007 | E34: 3000 | F34: JET A-1 | G34: Separador | H34: HV-1633M150 | I34: 53578-8 | J34: Facet | K34: 3 | L34: CAA33-5SB | M34: 1 | N34: SS622FB-5 | P34: 180 | Q34: Hor | S34: X | T34: 30 | U34: 41 | V34: 102 | W34: 3" | X34: 3"
A35: 32 | B35: M090 | C35: SKH-065 | D35: 1995 | E35: 2650 | F35: JET A-1 | G35: Separador | J35: Facet | K35: 3 | L35: CAA22-5SB | M35: 1 | N35: SS424FB5
A36: 33 | B36: M091 | C36: KPN-551 | D36: 1991 | E36: 2650 | F36: JET A-1 | G36: Separador | J36: Facet | Q36: Hor

Sheet PTA
A1: INFORMACIÓN GENERAL | D1: PRODUCTO Y FABRICANTE | G1: ELEMENTOS Y RATA DE FLUJO | P1: DATOS Y MEDIDAS CARCAZA | X1: OBSERVACIONES
G2: ELEMENTOS 1º ETAPA | K2: ELEMENTOS 2º ETAPA | Q2: Posición de tapa | T2: Carcasa del Filtro | V2: Diámetro Tubería
A3: Nº | B3: PLANTA | C3: UBICACIÓN | D3: PRODUCTO | E3: MODELO | F3: S/N | G3: Cant.1 | H3: 1º Etapa Velcon | I3: 1º Etapa Facet | J3: Próximo Cambio | K3: Cant 2 | L3: 2º Etapa Velcon | M3: 2º Etapa Facet | N3: 2 Próximo Cambio | O3: RATA FLUJO MAXIMA TRABAJO (gls/min) | P3: TIPO | Q3: Superior | R3: Lateral | S3: CAP FILTRO (GLS) | T3: Diámetro Filtro Cm | U3: Largo Filtro Cm | V3: Entrada | W3: Salida
A4: F01 | B4: Florencia | C4: Z. Bombas | D4: JET A-1 | E4: HVS2228M | F4: N/A | G4: 3 | H4: I-628C5TB | I4: CAA28-5SB | J4: 42186 | K4: 2 | L4: SO-609V5 | M4: SS609FE-5 | N4: 42186 | O4: 200 | P4: Hor | R4: X | S4: 50 | T4: 55 | U4: 140 | V4: 3" | W4: 3"
A5: F02 | B5: Florencia | C5: Gabinete | D5: JET A-1 | E5: ACO | F5: N/A | G5: 1 | H5: ACO-52401P | I5: FG-O-524-2 | J5: 42491 | K5: N/A | L5: N/A | M5: N/A | N5: 42491 | O5: 100 | P5: Ver | Q5: X | S5: 2 | T5: 16 | U5: 67 | V5: 1 1/2" | W5: 1 1/2"
A6: F06 | B6: Guaymaral | C6: Z. Bombas | D6: JET A-1 | E6: HV-1422 | F6: N/A | G6: 2 | H6: I-62287TB | I6: CAA22-5SB | J6: 42370 | K6: 1 | L6: SO-623C | M6: SS622FD-5 | N6: 42370 | O6: 60 | P6: Hor | R6: X | S6: 30 | T6: 35 | U6: 73 | V6: 3" | W6: 3"
A7: F07 | B7: Guaymaral | C7: Gabinete | D7: JET A-1 | E7: VF-61 | F7: N/A | G7: 1 | H7: ACO-51201L | I7: FG-O-512-2 | J7: 42736 | K7: N/A | L7: N/A | M7: N/A | N7: 42736 | O7: 60 | P7: Ver | Q7: X | S7: 1 | T7: 16 | U7: 36 | V7: 1 1/2" | W7: 1 1/2"
A8: F08 | B8: Guaymaral | C8: Z. Bombas | D8: AV GAS | E8: HV-1422 | F8: N/A | G8: 2 | H8: I-62287TB | I8: CAA22-5SB | J8: 42370 | K8: 1 | L8: SO-623C | M8: SS622FD-5 | N8: 42370 | O8: 60 | P8: Hor | R8: X | S8: 30 | T8: 40 | U8: 81 | V8: 3" | W8: 3"
A9: F09 | B9: Guaymaral | C9: Gabinete | D9: AV GAS | E9: VF-61 | F9: N/A | G9: 1 | H9: ACO-51201L | I9: FG-O-512-2 | J9: 42736 | K9: N/A | L9: N/A | M9: N/A | N9: 42736 | O9: 60 | P9: Ver | Q9: X | S9: 1 | T9: 16 | U9: 36 | V9: 1 1/2" | W9: 1 1/2"
A10: F10 | B10: Ibagué | C10: Z. Bombas | D10: JET A-1 | E10: FCS-262-3N1 | F10: 29773 | G10: 3 | H10: I-614C5TB | I10: CAA14-5SB | J10: 42491 | K10: 1 | L10: SO-614VA5 | M10: SS614FB-5 | N10: 42491 | O10: 80 | P10: Hor | R10: X | S10: 50 | T10: 55 | U10: 70 | V10: 3" | W10: 3"
A11: F11 | B11: Ibagué | C11: Gabinete | D11: JET A-1 | E11: VF-61 | F11: N/A | G11: 2 | H11: ACO-51201P | I11: FG-O-512-2 | J11: 42705 | K11: N/A | L11: N/A | M11: N/A | N11: 42705 | O11: 80 | P11: Ver | Q11: X | S11: 2 | T11: 16 | U11: 36 | V11: 1 1/2" | W11: 1 1/2"
A12: F12 | B12: Ibagué | C12: Z. Bombas | D12: AV GAS | E12: VV-2028 | F12: N/A | G12: 2 | H12: I-62887TB | I12: CAA28-5SB | J12: 42522 | K12: 1 | L12: SO-629C | M12: SS629FD-5 | N12: 42522 | O12: 112 | P12: Ver | Q12: X | S12: 50 | T12: 41 | U12: 93 | V12: 3" | W12: 3"
A13: F13 | B13: Ibagué | C13: Gabinete | D13: AV GAS | E13: VF-61 | F13: N/A | G13: 1 | H13: ACO-51205P | I13: FG-O-512-2 | J13: 42795 | K13: N/A | L13: N/A | M13: N/A | N13: 42005 | O13: 80 | P13: Ver | Q13: X | S13: 1 | T13: 16 | U13: 36 | V13: 1 1/2" | W13: 1 1/2"
A14: F26 | B14: Cali | C14: Z. Bombas | D14: AV GAS | E14: VV-2028 | F14: N/A | G14: 2 | H14: I-62887TB | I14: CAA28-5SB | J14: 42740 | K14: 3 | L14: SO-609V | M14: SS609FE-5 | N14: 42740 | O14: 130 | P14: Ver | Q14: X | S14: 70 | T14: 67 | U14: 105 | V14: 3" | W14: 3"
A15: F28 | B15: Buenaventura | C15: Gabinete | D15: JET A-1 | E15: VF-61 | F15: N/A | G15: 2 | H15: ACO-51201L | I15: FG-O-512-2 | J15: 42675 | K15: N/A | L15: N/A | M15: N/A | N15: 42675 | O15: 73 | P15: Ver | Q15: X | S15: 50 | T15: 41 | U15: 88 | V15: 3" | W15: 3"
A16: F29 | B16: Popayán | C16: Z. Bombas | D16: JET A-1 | E16: HVS2228M | F16: 90120 | G16: 4 | H16: I-628C5TB | I16: CAA28-5SB | J16: 42903 | K16: 3 | L16: SO-609V5 | M16: SS609FE-5 | N16: 42903 | O16: 250 | P16: Ver | Q16: X | S16: 34 | T16: 40.6 | U16: 105 | V16: 3" | W16: 3"
A17: F30 | B17: Pereira | C17: Z. Bombas | D17: JET A-1 | E17: HCS 3331436 | F17: N/A | G17: 3 | H17: I-628C5TB | I17: CAA28-5SB | J17: 43018 | K17: 4 | L17: SO-609V5 | M17: SS609FE-5 | N17: 43018 | O17: 186 | P17: Ver | Q17: X | S17: 3 | T17: 15 | U17: 43 | V17: 1 1/2" | W17: 11/2"
A18: F33 | B18: Manizalez | C18: Gabinete | D18: JET A-1 | E18: VF-61 | F18: N/A | G18: 2 | H18: ACO-51201L | I18: FG-O-512-2 | J18: 42767 | K18: N/A | L18: N/A | M18: N/A | N18: 42767 | O18: 70 | P18: Hor | R18: X | S18: 80 | T18: 50 | U18: 140 | V18: 3" | W18: 3"
A19: F36 | B19: Quibdo | C19: Gabinete | D19: JET A-1 | E19: VF-609 | F19: N/A | G19: 2 | H19: ACO-60901L | I19: FG-O-609-2 | J19: 42856 | K19: N/A | L19: N/A | M19: N/A | N19: 42856 | O19: 83 | P19: Hor | R19: X | S19: 70 | T19: 67 | U19: 160 | V19: 3" | W19: 3"
A20: F37 | B20: Quibdo | C20: Gabinete | D20: AV GAS | E20: VF-61 | F20: N/A | G20: 1 | H20: ACO-51201L | I20: FG-O-512-2 | J20: 42856 | K20: N/A | L20: N/A | M20: N/A | N20: 42856 | O20: 50 | P20: Ver | Q20: X | S20: 6 | T20: 17 | U20: 36 | V20: 2" | W20: 2"
A21: F38 | B21: Mansilla | C21: Z. Bombas Desp. | D21: JET A-1 | E21: HVS-2228M | F21: N/A | G21: 5 | H21: I-628C5TB | I21: CAA28-5SB | J21: 42704 | K21: 3 | L21: SO-609VA5 | M21: SS609FB-5 | N21: 42704 | O21: 600 | P21: Ver | Q21: X | S21: 4 | T21: 18 | U21: 30 | V21: 2" | W21: 2"
A22: F48 | B22: Riohacha | C22: Z. Filtracion | D22: JET A-1 | E22: FCS 663 - 4K21 | F22: 21684 | G22: 4 | H22: I-622C5TB | I22: CAA22-5SB | J22: 42309 | K22: 1 | L22: SO-623VA | M22: SS622FB-5 | N22: 42309 | O22: 110 | P22: Ver | Q22: X | S22: 2 | T22: 19 | U22: 39 | V22: 1 1/2" | W22: 1 1/2"
A23: F49 | B23: Riohacha | C23: Z. Gabinete | D23: JET A-1 | E23: VF-609 | F23: N/A | G23: 1 | H23: ACO-60901L | I23: FG-O-609-2 | J23: 42644 | K23: N/A | L23: N/A | M23: N/A | N23: 42644 | O23: 50 | P23: Hor | R23: X | S23: 100 | T23: 55 | U23: 130 | V23: 4" | W23: 4"
A24: F50 | B24: Riohacha | C24: Z. Gabinete | D24: JET A-1 | E24: VF-609 | F24: N/A | G24: 1 | H24: ACO-60901L | I24: FG-O-609-2 | J24: 42644 | K24: N/A | L24: N/A | M24: N/A | N24: 42644 | O24: 50 | P24: Hor | R24: X | S24: 180 | T24: 224 | U24: 170 | V24: 4" | W24: 4" | X24: Elementos de Sacrificio
A25: F51 | B25: Corozal | C25: Z. Bombas | D25: JET A-1 | E25: VV-2028 | F25: N/A | G25: 2 | H25: I-628C5TB | I25: CAA28-5SB | J25: 43040 | K25: 1 | L25: SO-629C | M25: SS629FD-5 | N25: 43040 | O25: 100 | P25: Hor | R25: X | S25: 180 | T25: 224 | U25: 170 | V25: 4" | W25: 4" | X25: Elementos de Sacrificio
A26: F52 | B26: Corozal | C26: Z. Gabinete | D26: JET A-1 | E26: VF-61 | F26: N/A | G26: 1 | H26: ACO-51201L | I26: FG-O-512-2 | J26: 42826 | K26: N/A | L26: N/A | M26: N/A | N26: 42826 | O26: 50 | P26: Hor | R26: X | S26: 148 | T26: 213 | U26: 155 | V26: 4" | W26: 4" | X26: Elementos de Sacrificio
A27: F53 | B27: Corozal | C27: Z. Gabinete | D27: JET A-1 | E27: VF-61 | F27: N/A | G27: 1 | H27: ACO-51201L | I27: FG-O-512-2 | J27: 42826 | K27: N/A | L27: N/A | M27: N/A | N27: 42826 | O27: 50 | P27: Hor | R27: X | S27: 30 | T27: 65 | U27: 70 | V27: 3" | W27: 3"
A28: F54 | B28: Santa Marta | C28: Z. Bombas | D28: JET A-1 | E28: HVS 2228M | F28: N/A | G28: 3 | H28: I-628C5TB | I28: CAA28-5SB | J28: 42401 | K28: 3 | L28: SO-609VA5 | M28: SS609FB-5 | N28: 42401 | O28: 200 | P28: Ver | Q28: X | S28: 2 | T28: 22 | U28: 32 | V28: 1 1/2" | W28: 1 1/2"
A29: F58 | B29: Rio negro | C29: Z. Bombas | D29: JET A-1 | E29: VV2328150 | F29: 28628-3 | G29: 5 | H29: I-628C5TB | I29: CAA28-5SB | J29: 42705 | K29: 2 | L29: SO-630V5 | M29: SS630FE-5 | N29: 42705 | O29: 400 | P29: Ver | Q29: X | S29: 2 | T29: 22 | U29: 32 | V29: 1 1/2" | W29: 1 1/2"
A30: F59 | B30: Rio negro | C30: Z. Bombas | D30: JET A-1 | E30: VV2328150 | F30: 28628-1 | G30: 5 | H30: I-628C5TB | I30: CAA28-5SB | J30: 42705 | K30: 2 | L30: SO-630V5 | M30: SS630FE-5 | N30: 42705 | O30: 400 | P30: Ver | Q30: X | S30: 28 | T30: 39.5 | U30: 88 | V30: 3" | W30: 3"
A31: F65 | B31: Girardota | C31: Z. Bombas | D31: JET A-1 | E31: V 2833004 | F31: VC 0559-3 | G31: 3 | H31: I-633C5TB | I31: CAA33-5SB | J31: 42675 | K31: 2 | L31: SO- 624VA | M31: SS624FB5 | N31: 42675 | O31: 300 | P31: Ver | Q31: X | S31: 80 | T31: 65 | U31: 125 | V31: 6" | W31: 6"
